id,query
e625dbc8-f448-4c53-9a78-6c3f351b49c3,"วิเคราะห์ข้อมูลและทวีตเพื่อสรุปว่าราคาปิดของ $gs จะปรับตัวขึ้นหรือลงในวันที่ 2017-12-20 โปรดยืนยันว่าขึ้นหรือลง

บริบท: วันที่, เปิด, สูง, ต่ำ, ปิด, ปิดปรับ, เพิ่ม 5%, เพิ่ม 10%, เพิ่ม 15%, เพิ่ม 20%, เพิ่ม 25%, เพิ่ม 30  
2017-12-06, 0.1, 0.9, -0.3, -1.0, -1.0, 1.0, -1.3, -2.0, -2.2, -2.0, -2.0  
2017-12-07, -1.6, 0.4, -1.7, 1.1, 1.1, -0.0, -1.8, -2.7, -3.1, -3.0, -2.9  
2017-12-08, 0.1, 0.1, -1.3, 0.7, 0.7, -0.6, -1.9, -3.1, -3.6, -3.6, -3.5  
2017-12-11, -0.1, 0.5, -0.5, -0.1, -0.1, -0.6, -1.2, -2.7, -3.3, -3.4, -3.3  
2017-12-12, -2.7, 0.2, -2.7, 3.0, 3.0, -2.8, -3.4, -5.0, -5.7, -6.0, -5.9  
2017-12-13, 0.9, 1.9, 0.0, -0.8, -0.8, -1.2, -2.0, -3.8, -4.6, -5.0, -4.9  
2017-12-14, 0.6, 1.6, 0.0, -0.0, -0.0, -0.6, -1.7, -3.2, -4.2, -4.7, -4.8  
2017-12-15, -0.2, 0.7, -0.9, 0.7, 0.7, -0.8, -2.0, -3.3, -4.5, -5.1, -5.2  
2017-12-18, -0.0, 0.8, -0.3, 1.1, 1.1, -1.1, -2.7, -3.7, -5.1, -5.8, -6.1  
2017-12-19, 2.0, 2.1, -0.1, -1.4, -1.4, 0.2, -1.1, -1.9, -3.4, -4.2, -4.6  

2017-12-06: rt AT_USER notice how i only placed 1 trade this week after last week's monster gains in $gs and $spx - when you make profits, it's al¡­|rt AT_USER $gs ceo AT_USER and presidents and co-coos david sol  
2017-12-07: goldman to clear bitcoin futures - bloomberg $gs |goldman sachs group $gs price target increased to $300.00 by analysts at bank of america |goldman sachs group $gs price target increased to $300.00 by  
2017-12-08: beat the market with the ideal intensity indicator, the only indicator you need $vrx $fit $aktx $gs¡­ |we calculated 21-day expected return of $gs for you: 3.77% |rt AT_USER what would goldman sachs b  
2017-12-09: AT_USER $gs puts everything of value it owns into special purpose vehicles.  they get to enjoy it but $rew the creditors.|rt AT_"
9bea42e5-3c21-46dc-93f7-0017f382f7cf,"ประเมินข้อมูลและทวีตเพื่อประเมินว่าราคาปิดของ $gs จะปรับตัวสูงขึ้นหรือต่ำลงในวันที่ 2018-01-18 ตอบด้วย Rise หรือ Fall

บริบท: วันที่, เปิด, สูง, ต่ำ, ปิด, ปิดปรับ, เพิ่ม 5%, เพิ่ม 10%, เพิ่ม 15%, เพิ่ม 20%, เพิ่ม 25%, เพิ่ม 30  
2018-01-03, 0.9, 1.1, -0.0, -0.9, -0.9, 0.8, 1.3, 1.4, 0.6, -0.2, -1.3  
2018-01-04, -0.6, 1.1, -1.0, 1.4, 1.4, -0.6, -0.1, -0.0, -0.6, -1.3, -2.4  
2018-01-05, 0.6, 0.8, -0.7, -0.5, -0.5, -0.1, 0.4, 0.5, 0.0, -0.5, -1.6  
2018-01-08, 1.2, 1.3, -0.1, -1.5, -1.5, 1.1, 1.5, 1.8, 1.6, 1.0, 0.0  
2018-01-09, -0.4, 0.7, -0.5, 0.8, 0.8, 0.1, 0.5, 0.9, 0.8, 0.2, -0.6  
2018-01-10, 0.3, 0.3, -0.8, 0.2, 0.2, 0.1, 0.2, 0.6, 0.7, 0.1, -0.5  
2018-01-11, 0.2, 0.3, -0.8, 0.3, 0.3, -0.4, -0.1, 0.3, 0.4, -0.1, -0.6  
2018-01-12, -0.5, 0.1, -1.1, 0.7, 0.7, -1.0, -0.9, -0.4, -0.3, -0.6, -1.1  
2018-01-16, 0.3, 1.3, -0.8, 0.6, 0.6, -1.0, -1.3, -1.1, -0.8, -1.0, -1.5  
2018-01-17, 2.9, 3.3, -1.9, -1.9, -1.9, 0.8, 0.5, 0.7, 1.0, 0.9, 0.4  

2018-01-03: rt AT_USER ""disrupt yourself every 5 or 10 yrs"" - $gs, AT_USER & AT_USER on building brands: #gsinnov ¡|rt AT_USER $gs keep odds of a march hike at 75% after fomc minutes |rt AT_USER goldman sach  
2018-01-04: rt AT_USER podcast: $gs research on the 'pay-as-you-go' car and the future of mobility: |rt AT_USER podcast: $gs' john waldron chats with #gsinnovators from AT_USER & AT_USER about building bran  
2018-01-05: rt AT_USER podcast: $gs research on self-driving cars, electric vehicles and what it all means for the cities of the future: |traders buy goldman sachs group $gs on weakness |us ""tax reform"" proxies f  
2018-01-08: rt AT_USER podcast: what are the top issues facing us banks heading into 2018? $gs research¡¯s richard ramsden"
a803daca-2cab-4d53-be68-c75fb71da84a,"พิจารณาจากข้อมูลและทวีตที่ให้มา เพื่อคาดการณ์ว่าราคาปิดของ $pfe ในวันที่ 2017-11-06 จะ Rise หรือ Fall โปรดตอบด้วยคำว่า Rise หรือ Fall

บริบท: วันที่, เปิด, สูง, ต่ำ, ปิด, ปิดปรับ, เพิ่ม-5%, เพิ่ม-10%, เพิ่ม-15%, เพิ่ม-20%, เพิ่ม-25%, เพิ่ม-30  
2017-10-23, -0.3, 1.0, -0.3, -0.1, -0.1, -0.5, -0.4, -0.6, -1.0, -1.1, -1.4  
2017-10-24, 0.5, 0.7, -0.8, -0.4, -0.4, -0.1, -0.1, -0.2, -0.5, -0.7, -0.9  
2017-10-25, 0.1, 0.5, -0.7, -0.3, -0.3, 0.4, 0.2, 0.2, -0.1, -0.3, -0.5  
2017-10-26, 1.0, 1.3, -0.4, -1.2, -1.2, 1.3, 1.2, 1.3, 1.1, 0.8, 0.6  
2017-10-27, -0.2, 0.4, -0.6, -0.4, -0.4, 1.2, 1.4, 1.6, 1.5, 1.2, 1.1  
2017-10-30, 0.8, 0.9, -0.4, -1.3, -1.3, 1.8, 2.4, 2.7, 2.7, 2.4, 2.3  
2017-10-31, -0.0, 0.8, -2.7, -0.3, -0.3, 1.4, 2.4, 2.7, 2.8, 2.6, 2.5  
2017-11-01, -0.7, 1.3, -1.0, 0.6, 0.6, 0.3, 1.6, 1.9, 2.1, 2.0, 1.9  
2017-11-02, -0.5, 0.1, -1.2, 0.6, 0.6, -0.4, 0.8, 1.2, 1.5, 1.5, 1.3  
2017-11-03, -0.3, 0.0, -0.6, 0.3, 0.3, -0.7, 0.3, 0.8, 1.1, 1.2, 1.0  

2017-10-23: rt AT_USER liking this #alzheimers therapeutics landscape representation. $biib $lly $jnj $pfe $pmn.to #prions #biotech source: mac  
2017-10-24: the chartmill setup rating of $pfe is on an all-time high  #live #quotes |rt AT_USER price moves vs expected moves $vrx $gild $pfe $mrk $jnj $celg $teva $mnkd $agn $abbv $biib $mdxg |price moves vs ex  
2017-10-25: price moves vs expected moves $esrx $bmy $gild $pfe $vrx $celg $thc $mrk $srpt $agn $amgn $teva  
2017-10-26: must read!¨uget ready for precision and invasive pharmaceutical ads $pfe  09/26/2017|#pfizer readying to sell consumer healthcare business  $pfe|get ready for precision and"
f101430b-bbe2-4803-a5ab-691e6295b1f9,"วิเคราะห์ข้อมูลและทวีตเพื่อสรุปว่าราคาปิดของ $fcx จะปรับตัวขึ้นหรือลงในวันที่ 2017-11-09 โปรดยืนยันว่า ""ขึ้น"" หรือ ""ลง"" เท่านั้น

บริบท: วันที่, เปิด, สูง, ต่ำ, ปิด, ปิดปรับ, เพิ่ม 5%, เพิ่ม 10%, เพิ่ม 15%, เพิ่ม 20%, เพิ่ม 25%, เพิ่ม 30  
2017-10-26,1.0,1.4,-0.6,-0.1,-0.1,1.1,1.3,0.2,-0.2,-1.0,-1.5  
2017-10-27,0.7,1.3,-1.6,-3.8,-3.8,4.1,4.9,4.1,3.8,2.9,2.5  
2017-10-30,0.9,2.3,0.0,-1.3,-1.3,4.3,5.4,5.3,5.0,4.3,3.8  
2017-10-31,-0.3,0.4,-1.0,0.3,0.3,2.2,4.4,4.8,4.5,4.0,3.4  
2017-11-01,0.1,2.2,-0.8,2.9,2.9,-1.1,1.2,1.9,1.5,1.3,0.6  
2017-11-02,0.3,2.4,-0.6,-1.0,-1.0,-0.7,1.8,2.8,2.4,2.3,1.7  
2017-11-03,0.4,0.8,-0.8,-0.6,-0.6,-0.1,1.9,3.1,2.9,2.9,2.3  
2017-11-06,-2.1,0.1,-2.7,3.5,3.5,-2.5,-1.6,-0.6,-0.4,-0.5,-1.0  
2017-11-07,-0.4,0.1,-1.3,-0.6,-0.6,-1.1,-1.5,-0.2,0.3,0.1,-0.2  
2017-11-08,-1.6,0.5,-2.6,2.1,2.1,-2.5,-3.4,-2.2,-1.7,-1.9,-2.1  

2017-10-26: $copper -1เซนต์ to $3.18, $scco settled -1.0% at $43.22. e' nov'7th. s/t bearish 41/40. m/t bullish &gt;50. less s¡­ |big call buyers  $jack $wba $gg $edu $stm $wynn $ibm $dis $mo $expe $lly $penn  
2017-10-27: despite $copper -2.3%, $teck has found (natural) support around $20.00/gap zone, settling +0.1% at $20.86. m/t &gt;27.¡­ |fy2019 eps estimates for freeport-mcmoran inc $fcx lowered by jefferies group  
2017-10-28: AT_USER AT_USER $fcx $hbm lazer long|afternoon most tweeted big caps, check out gambiste top 10: $hst $twtr $ms $snap $tsla $nov $sq $celg $amd $fcx |AT_USER i think the follow up tweet lost. $fcx wen  
2017-10-29: southern copper - $scco broke a new hist' high of $44.69 this month. next soft target is $50.00.  e' nov'7th. valid¡­ |$copper dec #copperfutures open gingerly at 3.1015 $scco $fc"
f259d90e-7120-4459-a814-a456011fc840,"วิเคราะห์ข้อมูลและโพสต์ในโซเชียลมีเดียเพื่อพิจารณาว่าราคาปิดของ $chk จะขึ้นหรือลงในวันที่ 2017-11-17 โปรดตอบด้วยคำว่า Rise หรือ Fall

บริบท: วันที่, เปิด, สูงสุด, ต่ำสุด, ปิด, ปิดปรับ, เพิ่มขึ้น 5%, เพิ่มขึ้น 10%, เพิ่มขึ้น 15%, เพิ่มขึ้น 20%, เพิ่มขึ้น 25%, เพิ่มขึ้น 30

2017-11-03, -2.4, 1.3, -3.2, 2.2, 2.2, 2.1, -0.5, 0.2, 1.6, 4.2, 6.3  
2017-11-06, -9.6, 0.0, -9.6, 11.8, 11.8, -7.0, -9.6, -9.8, -9.1, -6.9, -5.1  
2017-11-07, -0.7, 1.0, -2.4, 0.0, 0.0, -5.6, -8.3, -9.1, -8.8, -7.1, -5.2  
2017-11-08, 4.8, 5.0, 0.0, -5.0, -5.0, -0.6, -2.4, -4.0, -3.9, -2.4, -0.6  
2017-11-09, -2.7, 2.2, -3.4, 3.5, 3.5, -1.8, -4.4, -6.8, -6.9, -5.9, -4.2  
2017-11-10, -0.2, 1.2, -2.4, 0.7, 0.7, -0.6, -4.2, -6.9, -7.2, -6.7, -5.0  
2017-11-13, -1.0, 2.9, -1.9, 0.2, 0.2, -1.0, -3.6, -6.3, -7.1, -6.9, -5.4  
2017-11-14, 4.6, 5.6, 0.0, -5.1, -5.1, 3.1, 1.6, -0.8, -1.9, -2.0, -0.6  
2017-11-15, 1.8, 3.4, 0.0, -2.3, -2.3, 4.9, 3.7, 2.0, 0.5, 0.2, 1.3  
2017-11-16, 0.5, 2.3, -0.5, 0.0, 0.0, 3.5, 4.2, 2.6, 0.5, 0.2, 0.9  

2017-11-03: evening most tweeted mid caps, check out gambiste top 10: $pzza $srpt $stmp $vrx $hlf $chk $axl $oled $grpn $bb |AT_USER $chk - got stopped out on bad ann ( a good thing? ) was in it for co. will watc  
2017-11-04: chesapeake energy: light at the end of the tunnel?  $chk #investing #energy #turnaround|rt AT_USER evening most tweeted mid caps, check out gambiste top 10: $pzza $srpt $stmp $vrx $hlf $chk $axl $oled  
2017-11-05: chesapeake energy $chk is holding within the m/t bearish trend dec'2016 (bulls need &gt;4.10). far superior alt: $lng |$chk $3.74 (+2.19%) being heavily traded.  our #sentiment analysis tool gives you"
9adea360-0371-4a0a-9d16-fbd6117a95d8,"วิเคราะห์ข้อมูลและทวีตเพื่อสรุปว่าราคาปิดของ $dis จะปรับตัวขึ้นหรือลงในวันที่ 2017-12-15 โปรดยืนยันว่า ""ขึ้น"" หรือ ""ลง"" เท่านั้น

บริบท: วันที่, เปิด, สูง, ต่ำ, ปิด, ปิดปรับ, เพิ่ม 5%, เพิ่ม 10%, เพิ่ม 15%, เพิ่ม 20%, เพิ่ม 25%, เพิ่ม 30  
2017-12-01, -0.6, 0.6, -1.3, 0.4, 0.4, -0.9, -1.6, -1.4, -2.1, -3.0, -3.6  
2017-12-04, -3.4, 2.2, -3.4, 4.7, 4.7, -4.0, -5.4, -5.6, -6.0, -6.9, -7.6  
2017-12-05, 2.2, 2.6, -0.7, -2.7, -2.7, -0.6, -2.3, -2.8, -3.1, -4.0, -4.7  
2017-12-06, 1.6, 2.4, -0.1, -1.6, -1.6, 1.1, -0.5, -1.0, -1.3, -2.1, -2.9  
2017-12-07, 0.5, 0.7, -0.7, -0.2, -0.2, 1.4, -0.0, -0.7, -0.9, -1.7, -2.5  
2017-12-08, 0.7, 0.7, -0.1, -1.0, -0.2, 1.5, 0.4, -0.4, -0.6, -1.2, -2.1  
2017-12-11, -1.8, 0.0, -1.9, 2.5, 2.5, -1.4, -1.6, -2.6, -2.9, -3.3, -4.2  
2017-12-12, -0.3, 0.4, -0.8, 0.6, 0.6, -1.8, -1.7, -2.8, -3.2, -3.6, -4.4  
2017-12-13, 0.5, 0.5, -0.8, 0.2, 0.2, -1.4, -1.6, -2.6, -3.2, -3.5, -4.3  
2017-12-14, -3.0, 0.9, -3.0, 2.8, 2.8, -2.9, -3.6, -4.7, -5.4, -5.7, -6.4  

2017-12-01: rt AT_USER disrupted: the internet broke the media &amp; there's no going back (video)  $dis $fb $goog $googl $a¡­|rt AT_USER disrupted: the internet broke the media &amp; there's no going back (video  
2017-12-02: rt AT_USER disrupted: the internet broke the media &amp; there's no going back (video)  $dis $fb $goog $googl $a¡­|rt AT_USER $dis $fox why disney should spend $25 billion to buy a big chunk of fox  v  
2017-12-03: AT_USER the only abc trade tomorrow is  possibly short $dis :)|rt AT_USER we nailed this one at the #dealeconomy conference where i said they had to come back and do this acquisition... $foxa, $dis¡­|  
2017-12-04: report: disney in pole position for major fox asset purchase; stocks rise  $fox $foxa $dis $sky"
ed45ca23-3f20-4662-9dde-afcc3f20b0be,"จากการตรวจสอบข้อมูลและทวีตต่างๆ เราสามารถคาดการณ์ได้หรือไม่ว่าราคาปิดของ $fcx ในวันที่ 2017-11-07 จะขึ้นหรือลง โปรดระบุว่าขึ้นหรือลง  
บริบท: วันที่, เปิด, สูง, ต่ำ, ปิด, ปิดปรับ, เพิ่ม 5, เพิ่ม 10, เพิ่ม 15, เพิ่ม 20, เพิ่ม 25, เพิ่ม 30  
2017-10-24, -1.5, 0.0, -2.2, 2.8, 2.8, -2.2, -2.6, -3.4, -4.1, -4.9, -5.3  
2017-10-25, 3.8, 6.0, -1.8, -3.5, -3.5, 1.2, 1.1, 0.2, -0.4, -1.3, -1.7  
2017-10-26, 1.0, 1.4, -0.6, -0.1, -0.1, 1.1, 1.3, 0.2, -0.2, -1.0, -1.5  
2017-10-27, 0.7, 1.3, -1.6, -3.8, -3.8, 4.1, 4.9, 4.1, 3.8, 2.9, 2.5  
2017-10-30, 0.9, 2.3, 0.0, -1.3, -1.3, 4.3, 5.4, 5.3, 5.0, 4.3, 3.8  
2017-10-31, -0.3, 0.4, -1.0, 0.3, 0.3, 2.2, 4.4, 4.8, 4.5, 4.0, 3.4  
2017-11-01, 0.1, 2.2, -0.8, 2.9, 2.9, -1.1, 1.2, 1.9, 1.5, 1.3, 0.6  
2017-11-02, 0.3, 2.4, -0.6, -1.0, -1.0, -0.7, 1.8, 2.8, 2.4, 2.3, 1.7  
2017-11-03, 0.4, 0.8, -0.8, -0.6, -0.6, -0.1, 1.9, 3.1, 2.9, 2.9, 2.3  
2017-11-06, -2.1, 0.1, -2.7, 3.5, 3.5, -2.5, -1.6, -0.6, -0.4, -0.5, -1.0  

2017-10-24: rt AT_USER with $copper +1cent to $3.20, $fcx gained 2.8% to $15.23, a rather bullish close above resistance. m/t &gt;17 to 24/25s. alt¡­|with $copper at $3.20, the best of the copper miners: $scco br  
2017-10-25: rt AT_USER $amd $bac $t $ge $aapl $intc $mu $fb $tsla $nvda $baba $gm $msft $cmg $twtr $fcx $f $nke -10/25 most active options htt¡­|evening most tweeted big caps, check out gambiste top 10: $twtr $am  
2017-10-26: with $copper -1cent to $3.18, $scco settled -1.0% at $43.22. e' nov'7th. s/t bearish 41/40. m/"
d9825631-a11e-463b-988f-4e070213f92b,"วิเคราะห์ข้อมูลและทวีตต่างๆ เพื่อพิจารณาว่าราคาปิดของ $xom จะปรับตัวขึ้นหรือลงในวันที่ 16 มกราคม 2018 โปรดยืนยันว่าขึ้นหรือลง บริบท: วันที่, เปิด, สูงสุด, ต่ำสุด, ปิด, ปิดปรับ, เพิ่ม 5%, เพิ่ม 10%, เพิ่ม 15%, เพิ่ม 20%, เพิ่ม 25%, เพิ่ม 30  
2017-12-29, 0.4, 0.7, 0.0, -0.5, -0.5, 0.3, -0.2, -0.4, -0.5, -0.8, -1.3  
2018-01-02, -1.4, 0.2, -1.6, 1.7, 1.7, -1.1, -1.6, -1.9, -2.1, -2.3, -2.7  
2018-01-03, -1.8, 0.3, -2.2, 2.0, 2.0, -2.4, -3.1, -3.5, -3.8, -3.9, -4.3  
2018-01-04, -0.0, 0.5, -0.4, 0.1, 0.1, -1.8, -2.7, -3.3, -3.7, -3.8, -4.2  
2018-01-05, 0.0, 0.1, -1.2, -0.1, -0.1, -1.1, -2.2, -3.0, -3.3, -3.5, -3.9  
2018-01-08, -0.5, 0.0, -0.6, 0.4, 0.4, -0.7, -2.2, -3.1, -3.5, -3.8, -4.1  
2018-01-09, 0.2, 0.4, -0.1, -0.4, -0.4, 0.1, -1.5, -2.4, -2.9, -3.2, -3.5  
2018-01-10, 1.1, 1.3, -0.1, -0.8, -0.8, 0.7, -0.5, -1.3, -1.9, -2.3, -2.6  
2018-01-11, -0.7, 0.5, -1.2, 1.0, 1.0, -0.2, -1.1, -2.0, -2.6, -3.1, -3.3  
2018-01-12, -0.4, 0.5, -0.4, 0.7, 0.7, -0.7, -1.4, -2.3, -3.0, -3.5, -3.8  

2017-12-29: พลังงาน | 5 ตัวที่เคลื่อนไหวมากที่สุด = $xom, $ge, $cvx, $ptr, $bbl | อันดับท็อป 5 ในภาคส่วน | ดู $xom และ $bp ในปีหน้า | คาร์เทอร์กำลังโต้แย้งในระดับมหภาค ระหว่างการซื้อ $xom และขาย $baba | คะแนนสูงสุด  
2017-12-30: แชร์หุ้น ExxonMobil ($xom) ขายโดย Gareth Morgan Investments Limited Partnership | อ่านก่อนซื้อหุ้นเซลล์เชื้อเพลิง AT_USER #stocks, $wmt, $fslr, $hmc, $amzn, $tm, $xom, $morn, $fcel | แฮนโซ  
2018-01-02: RT AT_USER ผู้ซื้อ big call จำนวนมาก = $ccs, $cvx, $symc, $qcom, $abx, $emr, $bidu, $xpo, $csco, $baba, $xom, $fe, $pypl, $wtw | ผู้ซื้อ"
29efb2ab-4920-4cb8-bae7-6a12f0c0b6b0,"วิเคราะห์ข้อมูลและทวีตเพื่อสรุปว่าราคาปิดของ $c จะปรับตัวขึ้นหรือลงในวันที่ 2017-11-14 โปรดยืนยันว่าขึ้นหรือลง

บริบท: วันที่, เปิด, สูง, ต่ำ, ปิด, ปิดปรับ, เพิ่ม 5%, เพิ่ม 10%, เพิ่ม 15%, เพิ่ม 20%, เพิ่ม 25%, เพิ่ม 30  
2017-10-31, 0.5, 0.8, -0.3, -0.4, -0.4, 0.3, 0.1, -0.3, 0.4, 0.2, -0.4  
2017-11-01, -0.1, 0.7, -0.3, 0.7, 0.7, -0.3, -0.5, -1.1, -0.4, -0.4, -1.0  
2017-11-02, -1.1, 0.1, -1.9, 1.0, 1.0, -1.0, -1.2, -1.8, -1.4, -1.3, -1.8  
2017-11-03, 0.2, 0.5, -0.3, -0.9, -0.5, -0.4, -0.6, -1.1, -1.0, -0.7, -1.1  
2017-11-06, -0.3, 0.3, -0.9, -0.3, -0.3, 0.0, -0.2, -0.6, -0.7, -0.3, -0.7  
2017-11-07, 1.5, 1.8, -0.5, -1.5, -1.5, 1.4, 1.2, 1.0, 0.6, 1.1, 0.9  
2017-11-08, 0.1, 0.3, -1.1, -0.5, -0.5, 1.6, 1.6, 1.5, 1.0, 1.5, 1.5  
2017-11-09, -1.0, 0.5, -1.4, 0.1, 0.1, 0.9, 1.3, 1.3, 0.9, 1.2, 1.3  
2017-11-10, 0.4, 0.8, -0.2, -0.2, -0.2, 0.6, 1.4, 1.5, 1.2, 1.3, 1.6  
2017-11-13, -0.4, 0.2, -0.7, -0.4, -0.4, 0.5, 1.5, 1.7, 1.6, 1.5, 1.9  

2017-10-31: go read: $chd $pg $v $csco $intc $ge $ul $bac $c $jpm $ms $gs $aapl $googl $msft #nflx $amzn $fb $v $f $gm $uaa $spy |must read!¨ugoogle, citi and goldman sachs invest in blockchain $googl $c $gs  10/  
2017-11-01: $c is in ichimoku golden cross winning 60.00% in the past. |don't miss our next free option trade.  sign up for our daily free trades at  $nvda $tsla $gs $c $wfc $googl $fb|rt AT_USER sharks showed a  
2017-11-02: $c $bac anz bank's china chief sees little chance of credit crisis via |don't miss our next free option trade.  sign up for our daily free trades at  $nvda $tsla $gs $c $wfc $googl $fb|don't miss our"
9848b932-bf14-47ed-892d-839fbb4c9b29,"จากข้อมูลและทวีตที่ให้มา คุณจะคาดการณ์ได้หรือไม่ว่าราคาปิดของหุ้น $amzn ในวันที่ 2017-11-22 จะ Rise หรือ Fall โปรดระบุว่า Rise หรือ Fall  
บริบท: วันที่, เปิด, สูง, ต่ำ, ปิด, ปิดปรับ, เพิ่ม 5%, เพิ่ม 10%, เพิ่ม 15%, เพิ่ม 20%, เพิ่ม 25%, เพิ่ม 30  
2017-11-08, -0.9, 0.2, -1.2, 0.9, 0.9, -1.4, -3.1, -6.7, -7.9, -8.8, -9.9  
2017-11-09, -0.3, 0.0, -1.2, -0.3, -0.3, -0.5, -1.4, -5.5, -7.0, -8.0, -9.1  
2017-11-10, 0.1, 0.6, -0.1, -0.3, -0.3, 0.1, -0.9, -4.4, -6.1, -7.2, -8.3  
2017-11-13, -0.5, 1.0, -0.6, 0.3, 0.3, -0.1, -1.0, -3.7, -5.9, -7.0, -8.1  
2017-11-14, -0.6, 0.1, -1.1, 0.7, 0.7, -0.5, -1.4, -3.4, -6.0, -7.1, -8.2  
2017-11-15, 0.0, 0.4, -0.4, -0.9, -0.9, 0.2, -0.3, -1.6, -4.6, -5.8, -6.9  
2017-11-16, -0.6, 0.1, -0.6, 0.9, 0.9, -0.5, -0.9, -1.6, -4.8, -6.2, -7.3  
2017-11-17, 0.7, 0.8, -0.4, -0.7, -0.7, 0.2, -0.1, -0.8, -3.5, -5.2, -6.3  
2017-11-20, 0.3, 0.6, -0.3, -0.3, -0.3, 0.5, 0.3, -0.4, -2.5, -4.4, -5.6  
2017-11-21, -0.6, 0.0, -1.0, 1.2, 1.2, -0.7, -0.7, -1.3, -2.9, -5.1, -6.2  

2017-11-08: rt AT_USER นี่คือเหตุผลที่ $amzn ยังคงถูก  |$amzn $ge bloomberg baystate business: ภาษี, ge และฮาร์ดแวร์ via |$djia $spx $qqq $baba $msft $amzn $aapl $goog $fb $nflx $btc.x $usdcad $eurusd $usdjpy  
2017-11-09: $bby กำลังโรลลิ่งด้วยการลดราคาช่วง black friday   $amzn|$amzn วันศุกร์มักเงียบ แต่สองสามครั้งที่ผ่านมาใหญ่มากสำหรับชื่อนี้ ผมคิดว่าพรุ่งนี้เราจะกลับไปสู่ภาวะปกติ |ราคาคืนสู่ค่าปกติ vs คาดการณ์รายวัน  
2017-11-10:  inc. $amzn ถูกลดระดับเป็น ""hold"" ที่ zacks investment research |rt AT_USER รีวิวเทค ... 2) ธนาคารถัดไปของคุณ: #amazon $amzn #apple $aapl #facebook $fb หรือ #google $"
88246405-aff7-4cdd-8e4e-c321511a3995,"จากข้อมูลและทวีตที่ให้มา คุณจะคาดการณ์ได้หรือไม่ว่าราคาปิดของหุ้น $aapl ในวันที่ 2018-01-22 จะขึ้นหรือลง โปรดระบุว่า Rise หรือ Fall

บริบท: วันที่, เปิด, สูง, ต่ำ, ปิด, ปิดปรับ, เพิ่ม 5, เพิ่ม 10, เพิ่ม 15, เพิ่ม 20, เพิ่ม 25, เพิ่ม 30  
2018-01-05: -0.9, 0.2, -1.1, 1.1, 1.1, -1.5, -1.5, -1.1, -1.4, -1.7, -1.5  
2018-01-08: 0.0, 0.7, -0.2, -0.4, -0.4, -0.6, -1.2, -0.7, -0.9, -1.2, -1.2  
2018-01-09: 0.1, 0.4, -0.5, -0.0, -0.0, -0.3, -1.2, -0.6, -0.7, -1.2, -1.2  
2018-01-10: -0.6, 0.0, -0.7, -0.0, -0.0, -0.1, -0.9, -0.7, -0.7, -1.0, -1.2  
2018-01-11: -0.4, 0.1, -0.5, 0.6, 0.6, -0.4, -1.2, -1.2, -1.1, -1.5, -1.7  
2018-01-12: -0.5, 0.2, -0.8, 1.0, 1.0, -1.1, -1.9, -2.1, -2.0, -2.3, -2.5  
2018-01-16: 1.0, 1.8, -0.0, -0.5, -0.5, -0.4, -1.0, -1.6, -1.4, -1.6, -2.0  
2018-01-17: -1.6, 0.1, -2.3, 1.7, 1.7, -1.5, -2.2, -3.0, -2.8, -3.0, -3.4  
2018-01-18: 0.1, 0.5, -0.6, 0.1, 0.1, -1.0, -1.9, -2.8, -2.9, -2.9, -3.3  
2018-01-19: 0.1, 0.6, -0.6, -0.4, -0.4, -0.2, -1.2, -2.1, -2.3, -2.4, -2.7  

2018-01-05: AT_USER $aapl ม.ค.12 $175c ใช่ ขอบคุณครับพี่ ผมถือ (ต้องยอมรับว่าเพราะพลาด Q2 เลยขายไปเมื่อวาน) ขายไปวันนี้ |rt AT_USER $cnit เคลื่อนตัวดีมากใน after-hours ผมเข้าซื้อแล้ว ชอบข่าวนี้มากเลยครับ เพิ่มเติมได้อีก |rt AT_USER $aapl  

2018-01-06: อยากเป็น passionate เกี่ยวกับตลาดหุ้นไหม? รับ hoodies ที่มี ticker symbols ที่คุณชอบ: sign up |โพสต์: 12/22/2017 |proving conspiracy theorists correct, apple admits to slowing older iphones $aapl |

2018-01-08: AT_USER $aapl ทำอะไรได้เยอะมากสำหรับ parents ที่จะ restrict kid's usage on iphone (คุณเคย ev |AT_USER AT_USER ขอบคุณที่เลือก #amidiversified!! ผมตื่นเต้นมากที่เห็นคุณ approve ของ |

2018-01-09: $btc $spx $nasdaq $"
fca565b9-8a05-484f-8565-bca3cab90f6e,"วิเคราะห์ข้อมูลและทวีตต่างๆ เพื่อพิจารณาว่าราคาปิดของ $fcx ในวันที่ 12 ธันวาคม 2017 จะปรับตัวขึ้นหรือลง โปรดระบุว่า Rise หรือ Fall

บริบท: วันที่, เปิด, สูง, ต่ำ, ปิด, ปิดปรับ, เพิ่ม 5%, เพิ่ม 10%, เพิ่ม 15%, เพิ่ม 20%, เพิ่ม 25%, เพิ่ม 30  
2017-11-28, -1.8, 0.3, -2.3, 0.9, 0.9, -0.0, -1.5, -0.1, 0.0, 0.5, 1.1  
2017-11-29, -0.5, 1.3, -1.2, -1.4, -1.4, 1.2, 0.0, 1.0, 1.5, 1.6, 2.4  
2017-11-30, 1.3, 1.7, -0.6, -0.6, -0.6, 1.4, 0.9, 1.2, 1.9, 2.0, 2.8  
2017-12-01, -1.2, 1.4, -1.9, 1.4, 1.4, -0.3, -0.1, -0.4, 0.5, 0.5, 1.3  
2017-12-04, -0.3, 2.4, -0.7, 1.3, 1.3, -1.3, -1.2, -1.8, -0.8, -0.8, -0.2  
2017-12-05, -0.4, 0.2, -2.1, -1.3, -1.3, -0.1, 0.3, -0.6, 0.4, 0.6, 1.0  
2017-12-06, -1.7, 0.8, -1.7, 1.7, 1.7, -1.3, -1.3, -2.0, -1.4, -1.0, -0.9  
2017-12-07, -4.3, 0.2, -4.3, 3.4, 3.4, -3.4, -4.1, -4.7, -4.6, -4.2, -4.2  
2017-12-08, 0.0, 0.2, -0.8, 0.9, 0.9, -3.0, -4.5, -4.9, -5.4, -4.8, -4.9  
2017-12-11, 0.2, 0.9, -0.5, 0.3, 0.3, -2.4, -4.2, -4.7, -5.5, -4.9, -5.1  

2017-11-28: ข่าวเชิงบวกที่ได้รับการเผยแพร่อาจส่งผลกระทบต่อราคาหุ้นฟรีพอร์ต-แมคโมแรน ($fcx) ค่อนข้างน้อย |rt AT_USER ทองแดง/ทองคำทดสอบแนวรับกรอบขาขึ้น หลังจากรูปแบบการกลับตัวแบบขาลง $gld $jjc $hg_f $fcx $sp  
2017-11-30: <-- เข้าถึงฟรีบทเรียนวิดีโอพรีเมียมจากทิม ไซค์ส โดยปกติจะจำกัดเฉพาะผู้สมัครสมาชิกเท่านั้น! $scty $fcx $oke|$fcx 14 puts ซื้อขายหมดอายุวันที่ 16 กุมภาพันธ์ ปริมาณ 8000|$fcx double inside 60 |a bullish big m  
2017-12-01: $fcx อาจขึ้น 6% หากรูปแบบขาขึ้นได้รับการยืนยัน ตรวจสอบการยืนยัน [61%] @ ระดับซื้อ: 14.1100. |american century companies inc. ซื้อหุ้น"
293dc56b-21d4-4db0-ba7c-263e56bdf7f3,"จากการตรวจสอบข้อมูลและทวีต เราสามารถคาดการณ์ได้หรือไม่ว่าราคาปิดของ $dis จะขึ้นหรือลงในวันที่ 2017-11-10 โปรดระบุว่าขึ้นหรือลง  
บริบท: วันที่, เปิด, สูง, ต่ำ, ปิด, ปิดปรับ, เพิ่ม 5%, เพิ่ม 10%, เพิ่ม 15%, เพิ่ม 20%, เพิ่ม 25%, เพิ่ม 30  
2017-10-27, -0.4, 0.1, -1.4, -0.3, -0.3, 0.0, 0.2, 0.1, 0.6, 0.6, 0.5  
2017-10-30, 0.1, 0.3, -0.3, -0.3, -0.3, 0.2, 0.4, 0.3, 0.8, 0.8, 0.8  
2017-10-31, 0.1, 0.3, -0.4, -0.2, -0.2, 0.3, 0.6, 0.4, 0.9, 1.0, 1.0  
2017-11-01, -0.9, 0.4, -1.0, 1.2, 1.2, -0.7, -0.5, -0.8, -0.4, -0.2, -0.2  
2017-11-02, 0.5, 0.8, -0.3, -0.7, -0.7, -0.0, 0.1, 0.0, 0.2, 0.5, 0.5  
2017-11-03, -0.3, 0.8, -0.8, 0.3, 0.3, -0.3, -0.3, -0.2, -0.2, 0.2, 0.2  
2017-11-06, -2.3, 0.5, -2.3, 2.0, 2.0, -1.7, -2.1, -2.0, -2.1, -1.8, -1.8  
2017-11-07, -0.3, 1.3, -0.9, 1.0, 1.0, -1.9, -2.7, -2.7, -3.0, -2.7, -2.6  
2017-11-08, 0.7, 0.8, -0.8, -0.4, -0.4, -1.1, -1.9, -2.1, -2.4, -2.3, -2.2  
2017-11-09, -1.8, 1.2, -1.8, 1.5, 1.5, -1.7, -3.0, -3.3, -3.6, -3.6, -3.4  

2017-10-27: watched AT_USER and #fsu for a total of 10 seconds before they said dossier...  i am selling my $dis stock monday, so over espn politics|$dis remains notably weak, -0.2% at $98.31. the 94/93s are stil  
2017-10-28: check this out! $tst $agn $vrx $twtr $ibm $pep $ko $hlf $gild $aapl $amzn $jnj $teva $dis $myl $mrk #allergan $brk¡­ |rt AT_USER frank advocates for diversification by trading uncorrelated markets lik  
2017-10-29: $dis is net lower for the 5th month of 6. s/t bearish to the 94/93s. #thelastjedi hysteria should help into year en¡­ |rt AT_USER box office battle: 'jigsaw' takes top spot with $16.3m $twx $cmcsa $cm  
2017-10-"
6c9b6321-9d7a-4988-a0c3-a7c7fdb04def,"ด้วยความช่วยเหลือจากข้อมูลและทวีตที่ให้มา คุณสามารถคาดการณ์ได้หรือไม่ว่าราคาปิดของ $ba จะขึ้นหรือลงในวันที่ 2018-01-02 โปรดระบุว่าขึ้นหรือลง บริบท: วันที่, เปิด, สูง, ต่ำ, ปิด, ปิดปรับ, เพิ่ม 5%, เพิ่ม 10%, เพิ่ม 15%, เพิ่ม 20%, เพิ่ม 25%, เพิ่ม 30  
2017-12-15,0.7,1.2,-0.3,0.0,0.0,-1.2,-3.0,-4.7,-6.0,-6.9,-7.5  
2017-12-18,-0.0,0.3,-0.5,0.7,0.7,-1.0,-3.1,-4.7,-6.1,-7.1,-7.8  
2017-12-19,-0.3,0.1,-1.0,0.4,0.4,-0.9,-2.7,-4.4,-5.9,-7.0,-7.8  
2017-12-20,0.3,0.5,-0.3,0.2,0.2,-0.7,-2.3,-4.0,-5.6,-6.7,-7.6  
2017-12-21,1.0,1.1,-0.3,-1.0,-1.0,0.3,-0.9,-2.6,-4.2,-5.4,-6.3  
2017-12-22,0.4,0.5,-0.7,0.0,0.0,0.4,-0.6,-2.1,-3.7,-5.0,-6.0  
2017-12-26,0.1,0.7,-0.2,0.1,0.1,0.3,-0.2,-1.8,-3.3,-4.6,-5.7  
2017-12-27,0.3,0.4,-0.3,0.1,0.1,0.1,-0.1,-1.4,-2.9,-4.3,-5.4  
2017-12-28,-0.2,0.2,-0.5,0.2,0.2,-0.3,-0.2,-1.3,-2.7,-4.1,-5.3  
2017-12-29,0.7,0.8,-0.0,-0.5,-0.5,0.2,0.3,-0.5,-1.9,-3.3,-4.4  

2017-12-15: คอมเมนต์เกี่ยวกับ $dal $bdraf $bdrbf $ba $eadsf $eadsy |$ba - boeing avation plc deliver philippine airlines' 10th 777-300er |airbus expected to land key delta order $dal $eadsf $eadsy $ba |u.s. dept. of  
2017-12-16: boeing co (ba) ¨c bigger than apple inc (aapl)  $ba|boeing and airbus: order battle in november  $ba|i think this week will be a good time to start playing run up into earnings. start small positions  
2017-12-17: $ba, $cat,$ec, $fslr, $gs, $msft, $roku, $soi   were all the he key list the the last 3 weeks. $$$$ flows here. #stocks #investing|3 things to know about the stock market before tomorrow happens  $dal  
2017-12-18: AT_USER you shuffle and boom, more capacity. riiiight... like shuffle a client to 10 years from now? or are they¡­ |boeing-bombardier dispute ramps up at us trade hearing  $ba|boeing-bombardier disput  
2017-12-19: AT_USER it¡¯s already priced in... especially priced in $ba|$ba $fast $lmt  -  275% profits last 4 years on safe dow jones stocks &amp; half profits in cash¡­ |pl"
83364184-384d-4589-8473-be9d76dee9a6,"จากข้อมูลและทวีตที่ให้มา คุณจะคาดการณ์ได้หรือไม่ว่าราคาปิดของ $trv ในวันที่ 10 พฤศจิกายน 2017 จะ Rise หรือ Fall โปรดระบุว่า Rise หรือ Fall

บริษัทย่อย: วันที่, เปิด, สูงสุด, ต่ำสุด, ปิด, ปิดปรับ, เพิ่ม 5%, เพิ่ม 10%, เพิ่ม 15%, เพิ่ม 20%, เพิ่ม 25%, เพิ่ม 30%

2017-10-27,0.4,0.5,-0.8,-0.7,-0.7,1.1,0.4,-1.0,-2.1,-3.0,-3.7  
2017-10-30,-1.2,0.2,-1.4,1.2,1.2,-0.4,-0.5,-1.8,-2.9,-3.8,-4.5  
2017-10-31,0.0,0.4,-0.2,-0.1,-0.1,-0.4,-0.0,-1.4,-2.5,-3.4,-4.1  
2017-11-01,0.4,0.4,-0.6,0.8,0.8,-0.9,-0.5,-1.7,-2.8,-3.8,-4.6  
2017-11-02,-0.6,0.8,-1.3,0.9,0.9,-1.4,-1.3,-2.2,-3.3,-4.3,-5.1  
2017-11-03,0.8,1.1,-0.3,-1.0,-1.0,-0.0,-0.3,-0.8,-2.0,-3.0,-3.8  
2017-11-06,0.1,0.3,-0.5,0.1,0.1,0.0,-0.5,-0.7,-1.8,-2.8,-3.7  
2017-11-07,0.2,0.8,-0.2,0.2,0.2,0.0,-0.7,-0.7,-1.7,-2.7,-3.6  
2017-11-08,0.3,0.8,-0.1,-0.1,-0.1,0.2,-0.4,-0.3,-1.3,-2.3,-3.2  
2017-11-09,-1.0,0.4,-1.6,0.8,0.8,-0.6,-0.9,-1.0,-1.7,-2.7,-3.6  

2017-10-27: $djia wkly best performance $intc $msft $mmm $cat $nke $aapl $axp $unh $hd worst $ge $mrk $ibm $cvx $ba $pfe $trv |tiaa fsb has $16.22 million position in the travelers companies, inc. $trv |tiaa fs  
2017-10-28: the travelers companies, inc. $trv releases earnings results, misses expectations by $1.19 eps |the travelers companies, inc. $trv holdings cut by braun stacey associates inc. |as travelers companies  
2017-10-29: as travelers companies $trv market value declined, british columbia investment management decreased its hol...|mountain lake investment management cut travelers companies $trv position by $1.89 million  
2017-10-30: rt AT_USER stocks to trade: $trv $wday $wynn - shareplanner |rt AT_USER stocks to trade: $trv $wday $wynn - shareplanner |royal bank of canada raises travelers companies inc $trv price target to $140.  
2017-10-31: #quantmodel [240001] $trv buy at 131.10 (17-10-27), close at 132.45 (17-10-31), profit $8287.44. follow us=&"
95de54ef-9cc2-4f5e-afc6-d0fd6cf9635e,"ประเมินข้อมูลและทวีตเพื่อประเมินว่าราคาปิดของ $cmcsa จะปรับตัวสูงขึ้นหรือต่ำลงในวันที่ 19 ธันวาคม 2017 ตอบด้วย ""ขึ้น"" หรือ ""ลง""

บริบท: วันที่, เปิด, สูงสุด, ต่ำสุด, ปิด, ปิดปรับ, เพิ่มขึ้น 5%, เพิ่มขึ้น 10%, เพิ่มขึ้น 15%, เพิ่มขึ้น 20%, เพิ่มขึ้น 25%, เพิ่มขึ้น 30  
2017-12-05,0.9,2.2,-0.1,-2.0,-2.0,-2.3,-5.5,-6.1,-6.4,-7.1,-7.1  
2017-12-06,3.1,3.1,-0.2,-2.3,-2.3,0.7,-2.7,-3.6,-3.9,-4.6,-4.8  
2017-12-07,1.6,1.8,-0.4,-1.9,-1.9,2.8,-0.5,-1.6,-1.9,-2.6,-2.8  
2017-12-08,1.4,1.4,-0.2,0.2,0.2,2.4,-0.1,-1.6,-1.8,-2.4,-2.8  
2017-12-11,-0.4,0.1,-1.2,1.3,1.3,0.1,-0.6,-2.5,-2.9,-3.4,-3.9  
2017-12-12,-0.3,1.6,-1.3,2.8,2.8,-2.6,-2.5,-4.5,-5.2,-5.6,-6.3  
2017-12-13,2.4,2.5,-0.2,-2.4,-2.4,-0.3,0.3,-1.8,-2.7,-3.1,-3.8  
2017-12-14,-0.8,1.5,-2.4,1.4,1.4,-1.0,-0.7,-2.7,-3.8,-4.2,-4.9  
2017-12-15,-0.6,0.4,-1.8,1.5,1.5,-1.6,-1.9,-3.5,-4.9,-5.3,-5.9  
2017-12-18,1.1,1.4,-0.2,-0.4,-0.4,-0.6,-1.6,-2.4,-4.1,-4.6,-5.2  

2017-12-05: comcast $cmcsa earning somewhat favorable media coverage, report shows |comcast $cmcsa earning somewhat favorable media coverage |comcast $cmcsa earning somewhat favorable media coverage  
2017-12-06: rt AT_USER report: comcast still eyeing fox deal:  $cmcsa $cmcsk $fox $foxa $dis |rt AT_USER report: comcast still eyeing fox deal:  $cmcsa $cmcsk $fox $foxa $dis |rt AT_USER report: comcast still eyein  
2017-12-07: rt AT_USER hot options report for end of day december 7th - $bac, $aapl, $dis, $fcx, $cmcsa, $oxy - |hot options report for end of day - thursday, dec. 7 $bac $dis $fcx $oxy $aapl $cmcsa |jim cramer o  
2017-12-08: variety: disney, fox hire bankers to review possible asset deal $dis $fox $foxa  $cmcsa  |i wonder how much #adfraud #fakenews has? $dis $cmcsa  |next week's investing action plan  $dis $nflx $cvx $mm  
2017-12-09: wall street breakfast: weekly highlights  $spy, $qqq, $aet, $cmcsa, $crc, $cvs, $dis, $eix,¡­ |"
db792cce-5b60-47dc-b82a-d5198d13c22a,"จากข้อมูลและทวีตที่ให้มา คุณจะคาดการณ์ได้หรือไม่ว่าราคาปิดของ $cat ในวันที่ 2017-11-06 จะขึ้นหรือลง โปรดระบุว่าขึ้นหรือลง  
บริบท: วันที่, เปิด, สูง, ต่ำ, ปิด, ปิดปรับ, เพิ่ม 5%, เพิ่ม 10%, เพิ่ม 15%, เพิ่ม 20%, เพิ่ม 25%, เพิ่ม 30  
2017-10-23,0.2,0.5,-0.4,0.2,0.2,-0.7,-1.3,-2.4,-3.3,-3.8,-4.6  
2017-10-24,1.3,1.6,-1.2,5.0,5.0,-4.1,-5.2,-6.4,-7.3,-7.9,-8.7  
2017-10-25,0.3,0.7,-1.5,-1.0,-1.0,-2.2,-3.6,-4.9,-5.9,-6.6,-7.3  
2017-10-26,-0.0,0.9,-0.1,0.1,0.1,-1.4,-3.1,-4.4,-5.5,-6.3,-6.9  
2017-10-27,-0.6,0.4,-0.7,0.6,0.6,-1.1,-3.2,-4.4,-5.6,-6.5,-7.1  
2017-10-30,0.6,1.0,-0.0,-1.0,-1.0,0.6,-1.8,-3.0,-4.2,-5.2,-5.9  
2017-10-31,0.5,0.6,-0.5,-0.5,-0.5,0.7,-0.9,-2.1,-3.3,-4.4,-5.1  
2017-11-01,-0.5,0.7,-0.6,0.4,0.4,0.3,-0.8,-2.1,-3.3,-4.4,-5.2  
2017-11-02,-0.0,0.4,-0.6,0.1,0.1,0.1,-0.5,-1.8,-3.0,-4.1,-5.0  
2017-11-03,-0.1,0.2,-0.2,0.1,0.1,-0.2,-0.2,-1.6,-2.8,-3.9,-4.8  

2017-10-23: i have no doubt $cat $mcd will have exceptional earnings tomorrow|i¡¯m really starting to get worried about $cat. not enough guys value shaming on the fintwittersphere anymore|unicorn bay rating for $  
2017-10-24: wondering about risks of $cat? the 63-day volatility is 5.56% |rt AT_USER $cat up 75% this year. it¡¯s a us stock, but it¡¯t could start rallying until the global economy turned.|rt AT_USER this is c  
2017-10-25: caterpillar inc. $cat price target increased to $145.00 by analysts at citigroup inc. |caterpillar inc. $cat price target raised to $155.00 |caterpillar inc. $cat price target increased to $145.00 by  
2017-10-26: caterpillar inc. $cat price target increased to $143.00 by analysts at royal bank of canada |caterpillar inc. $cat given a $155.00 price target at ubs group ag |caterpillar inc. $cat given a $152.00 p  
2017-10-27: amid a better economic and earnings picture, concerns remain $cat $jcp $amzn $msft $googl |cat top news - oct 27th, 2017 $cat |caterpillar, inc. $cat pt raised to $143.00"
a70749e2-40b4-4316-be72-caf9c325493e,"วิเคราะห์ข้อมูลและโพสต์ในโซเชียลมีเดียเพื่อพิจารณาว่าราคาปิดของ $hd จะขึ้นหรือลงในวันที่ 2017-11-02 โปรดตอบด้วยคำว่า Rise หรือ Fall

บริบท: วันที่, เปิด, สูง, ต่ำ, ปิด, ปิดปรับ, เพิ่ม 5, เพิ่ม 10, เพิ่ม 15, เพิ่ม 20, เพิ่ม 25, เพิ่ม 30  
2017-10-19,0.2,0.5,-0.3,-0.1,-0.1,0.3,0.8,0.9,0.3,-0.3,-0.7  
2017-10-20,0.3,0.4,-0.4,0.1,0.1,0.1,0.5,0.7,0.3,-0.3,-0.7  
2017-10-23,-0.4,0.9,-0.6,0.8,0.8,-0.7,-0.3,-0.0,-0.4,-1.0,-1.4  
2017-10-24,-0.8,0.3,-0.8,0.8,0.8,-1.1,-1.1,-0.8,-1.0,-1.5,-2.0  
2017-10-25,0.0,0.5,-0.4,0.0,0.0,-0.8,-1.0,-0.8,-0.9,-1.4,-1.9  
2017-10-26,-0.8,0.2,-0.9,1.0,1.0,-1.2,-1.8,-1.7,-1.7,-2.1,-2.7  
2017-10-27,-0.3,0.2,-0.5,-0.2,-0.2,-0.6,-1.4,-1.4,-1.4,-1.7,-2.3  
2017-10-30,1.0,1.0,-0.3,-1.2,-1.2,0.7,-0.2,-0.2,-0.1,-0.4,-1.0  
2017-10-31,-0.2,0.3,-0.4,0.3,0.3,0.4,-0.3,-0.5,-0.4,-0.6,-1.1  
2017-11-01,0.6,0.8,-0.2,-0.2,-0.2,0.6,0.1,-0.2,-0.1,-0.3,-0.7  

2017-10-19: home depot  $hd ผู้ถือหุ้น hartwell j m limited partnership ได้เพิ่มตำแหน่ง $1.66 ล้าน ...|home depot, inc. $the $hd คาดว่าจะประกาศผลประกอบการที่ $1.80 ต่อหุ้น |home depot, inc. $the $hd  
2017-10-20: $djia wkly best performance $ibm $unh $trv $jnj $nke $jpm $ge $vz $gs worst $pg $v $axp $hd $aapl $cvx $dwdp $pfe¡­ |gsa capital partners llp ลดสัดส่วนหุ้น home depot $hd |$aapl $baba $tsla $fb $h  
2017-10-21: rt AT_USER 1 วัน i'm going to get a beer at a bar in brooklyn! $agn $vrx $myl $iep $brk $ibm $hlf $gild $crm $cmg $googl $ko $tst $sna¡­ |1 วัน i'm going to get a beer at a bar in brooklyn! $agn $vrx $  
2017-10-22: jason bond stock picks free trial!   $hd $anac $crm $tjx |even recruiters from India know i'm getting discriminated against in GA. for being from the North so sad! $ko $pep $hd $msft $crm $twtr $tst |da  
2017-10-23: $hd ... you know it ... i know"
ae7107cc-6eee-482a-ae1a-5a454809640b,"วิเคราะห์ข้อมูลและโพสต์ในโซเชียลมีเดียเพื่อพิจารณาว่าราคาปิดของหุ้น $jpm จะขึ้นหรือลงในวันที่ 2017-12-04 โปรดตอบด้วยคำว่า Rise หรือ Fall

บริบท: วันที่, เปิด, สูง, ต่ำ, ปิด, ปิดปรับ, เพิ่ม 5%, เพิ่ม 10%, เพิ่ม 15%, เพิ่ม 20%, เพิ่ม 25%, เพิ่ม 30  
2017-11-17, -0.3, 0.3, -0.6, -0.3, -0.3, -0.2, 0.1, 1.1, 1.5, 1.2, 0.7  
2017-11-20, -0.6, 0.1, -1.3, 0.9, 0.9, -0.8, -1.0, 0.0, 0.6, 0.4, -0.0  
2017-11-21, 0.6, 0.6, -0.0, -0.1, -0.1, -0.4, -0.9, 0.0, 0.6, 0.5, 0.1  
2017-11-22, 0.4, 0.9, -0.1, -0.3, -0.3, -0.0, -0.5, 0.2, 0.8, 0.9, 0.4  
2017-11-24, 0.5, 0.6, -0.1, -0.3, -0.3, 0.3, -0.1, 0.3, 0.9, 1.2, 0.9  
2017-11-27, 0.4, 1.2, 0.0, -0.4, -0.4, 0.6, 0.4, 0.4, 1.1, 1.5, 1.3  
2017-11-28, -3.1, 0.3, -3.3, 3.5, 3.5, -2.3, -2.7, -2.9, -2.3, -1.8, -2.0  
2017-11-29, -1.3, 0.5, -1.7, 2.3, 2.3, -3.6, -4.3, -4.8, -4.4, -4.0, -4.0  
2017-11-30, 0.2, 2.0, -0.5, 0.8, 0.8, -3.2, -4.4, -5.1, -4.9, -4.5, -4.5  
2017-12-01, 0.1, 0.5, -2.5, 0.3, 0.3, -2.2, -4.1, -4.9, -5.0, -4.7, -4.6  

2017-11-17: rt AT_USER jamie dimon, chairman, president & CEO of jpmorgan chase $jpm |rt AT_USER jamie dimon, chairman, president & CEO of jpmorgan chase $jpm |rt AT_USER jamie dimon, chairman, president  
2017-11-18: rt AT_USER on the edge of our seats for another night of #nittoatpfinals in London. $jpm is proud to be a sponsor: |trading indices? check stories for the major constituents of #sp500 $cvx $pg $jpm  
2017-11-19: rt AT_USER money laundering & bankers. follow the money.  russell simmons, Goldman Sachs, JPMorgan & Russia.  #sundaymorning #bitcoi  
2017-11-20: patience pays! - market update by Vince Vora for November 20, 2017 $nflx $sbux $ibm $c $bac $jpm $gs |#breaking 2nd woman says us senator Al"
ed0074a8-aa7c-4499-8356-4720a17eb6fb,"วิเคราะห์ข้อมูลและทวีตต่างๆ เพื่อพิจารณาว่าราคาปิดของ $gild จะปรับตัวขึ้นหรือลงในวันที่ 30 พฤศจิกายน 2017 โปรดระบุว่าขึ้นหรือลง  
บริบท: วันที่, เปิด, สูง, ต่ำ, ปิด, ปิดปรับ, เพิ่ม 5%, เพิ่ม 10%, เพิ่ม 15%, เพิ่ม 20%, เพิ่ม 25%, เพิ่ม 30  
2017-11-15, -1.6, 0.4, -1.8, 0.9, 0.9, 1.0, 1.5, 3.0, 5.3, 6.7, 8.1  
2017-11-16, -0.9, 0.3, -1.6, 0.8, 0.8, -0.0, 0.4, 1.6, 3.8, 5.3, 6.7  
2017-11-17, -0.2, 0.2, -0.4, 0.0, 0.0, -0.4, 0.2, 1.2, 3.1, 4.8, 6.2  
2017-11-20, 0.4, 0.7, -0.8, -0.4, -0.4, -0.2, 0.6, 1.2, 3.0, 4.8, 6.2  
2017-11-21, -0.6, 0.5, -1.0, 0.5, 0.5, -0.3, 0.0, 0.5, 2.0, 3.8, 5.1  
2017-11-22, -0.5, 0.4, -0.6, 0.4, 0.4, -0.5, -0.5, -0.1, 1.0, 3.0, 4.2  
2017-11-24, 0.4, 0.6, -0.3, -0.5, -0.5, 0.0, -0.0, 0.2, 1.2, 3.0, 4.4  
2017-11-27, 1.1, 1.3, -0.3, -1.0, -1.0, 0.9, 0.7, 1.1, 1.9, 3.5, 5.0  
2017-11-28, -0.6, 0.1, -1.6, 1.2, 1.2, -0.2, -0.5, -0.1, 0.4, 1.9, 3.4  
2017-11-29, -1.1, 0.7, -1.5, 1.5, 1.5, -1.4, -1.7, -1.5, -1.2, 0.0, 1.6  

2017-11-15: อย่าพลาดโอกาสซื้อขายตัวเลือกฟรีครั้งต่อไปของเรา สมัครรับการซื้อขายฟรีรายวันได้ที่ $nvda $tsla $gs $gild $biib $googl $fb | ราคาตอบสนองเทียบกับความเคลื่อนไหวรายวันที่คาดการณ์ไว้ $teva $vrx $srpt $opk $celg $mrk $gild $agn $a  
2017-11-16: กิลิแอด ไซเอนเซส $gild ปรับตัวขึ้นเป็นวันที่สอง เพิ่มขึ้น 0.8% มาอยู่ที่ 72.41 ดอลลาร์ พื้นที่ขายขายอยู่ที่ประมาณ 70.05 FPE 10s | $gild ดูแนวโน้มขาขึ้นเพิ่มเติมจากระดับนี้ | $gild กำลังทดสอบแรงต้านจากด้านล่าง จำเป็นต้อง...  
2017-11-17: อย่าพลาดโอกาสซื้อขายตัวเลือกฟรีครั้งต่อไปของเรา สมัครรับการซื้อขายฟรีรายวันได้ที่ $nvda $tsla $gs $gild $biib $googl $"
cab56075-c7ea-4456-9074-f734c41d44b9,"จากการตรวจสอบข้อมูลและทวีตต่างๆ เราสามารถคาดการณ์ได้หรือไม่ว่าราคาปิดของหุ้น $intc ในวันที่ 2017-12-08 จะขึ้นหรือลง โปรดระบุว่า Rise หรือ Fall

บริบท: วันที่, เปิด, สูง, ต่ำ, ปิด, ปิดปรับ, เพิ่ม 5%, เพิ่ม 10%, เพิ่ม 15%, เพิ่ม 20%, เพิ่ม 25%, เพิ่ม 30

2017-11-24, -0.4, 0.1, -0.7, 0.2, 0.2, -0.1, 1.0, 2.0, 1.8, -0.4, -2.2  
2017-11-27, -0.2, 0.3, -0.5, -0.6, -0.6, 0.4, 1.3, 2.3, 2.4, 0.6, -1.3  
2017-11-28, -0.2, 0.2, -0.9, 0.5, 0.5, -0.0, 0.6, 1.5, 2.0, 0.4, -1.4  
2017-11-29, 2.0, 2.6, -0.4, -1.7, -1.7, 1.3, 1.9, 2.9, 3.6, 2.5, 0.7  
2017-11-30, -1.1, 0.8, -1.1, 2.0, 2.0, -0.6, -0.3, 0.5, 1.4, 0.8, -1.0  
2017-12-01, 0.1, 0.4, -2.6, -0.4, -0.4, -0.3, -0.1, 0.7, 1.5, 1.5, -0.3  
2017-12-04, 1.2, 1.8, -0.4, -0.4, -0.4, 0.1, 0.3, 0.9, 1.8, 2.0, 0.5  
2017-12-05, 2.7, 3.4, -0.5, -2.4, -2.4, 1.9, 2.4, 3.0, 3.9, 4.4, 3.1  
2017-12-06, -0.7, 0.6, -1.8, 0.0, 0.0, 1.7, 2.1, 2.6, 3.4, 4.2, 3.3  
2017-12-07, 0.9, 1.2, -0.7, -0.9, -0.9, 1.7, 2.6, 3.1, 3.9, 4.8, 4.4  

2017-11-24: rt AT_USER tech review 1) tencent, 2) media & advertising disrupted, 3) investing, 4)icymi tech news  #techn  my guess-they go nowhere. if went somewhere it means they still had hope that if they  
2017-11-25: rt AT_USER tech review 1) tencent, 2) media & advertising disrupted, 3) investing, 4)icymi tech news  #techn  $spy covered calls explained: a complete introduction  #options #optionstrading #inve  
2017-11-26: rt AT_USER $srmx - big things about to happen with $srmx  $jnsh $mgti $riot $mara $digaf $amfe $ottv $siri $aapl $msft $intc $fb $sfor  rt AT_USER note that we are still at the very beginning of th  
2017-11-27: rt AT_USER why nvidia will play an 'integral' role in the future of tech"
3c302b63-0d15-43ff-b731-e94b70574213,"จากข้อมูลและทวีตต่างๆ เราสามารถคาดการณ์ได้หรือไม่ว่าราคาปิดของหุ้น $intc ในวันที่ 19 มกราคม 2018 จะขึ้นหรือลง โปรดระบุว่าขึ้นหรือลง  
บริบท: วันที่, เปิด, สูง, ต่ำ, ปิด, ปิดปรับ, เพิ่ม 5%, เพิ่ม 10%, เพิ่ม 15%, เพิ่ม 20%, เพิ่ม 25%, เพิ่ม 30  
2018-01-04, -2.0, 0.5, -3.9, -1.8, -1.8, 3.0, 4.0, 3.0, 1.7, 1.3, 1.2  
2018-01-05, -0.7, 0.9, -1.9, 0.7, 0.7, 1.7, 2.7, 2.5, 1.1, 0.6, 0.4  
2018-01-08, -1.1, 0.2, -1.7, 0.0, 0.0, 1.0, 2.2, 2.7, 1.3, 0.6, 0.5  
2018-01-09, 2.5, 2.8, -0.3, -2.5, -2.5, 2.2, 4.1, 5.2, 3.9, 3.1, 2.9  
2018-01-10, 2.0, 2.6, -0.1, -2.6, -2.6, 3.5, 6.0, 7.4, 6.5, 5.6, 5.5  
2018-01-11, -1.4, 0.4, -2.2, 2.1, 2.1, 0.9, 3.2, 4.6, 4.3, 3.4, 3.2  
2018-01-12, 0.5, 0.8, -0.5, -0.4, -0.4, 0.6, 2.9, 4.4, 4.7, 3.8, 3.5  
2018-01-16, 1.0, 1.5, -0.6, -0.2, -0.2, 0.1, 2.4, 4.0, 4.9, 4.1, 3.7  
2018-01-17, -1.9, 0.1, -2.0, 2.9, 2.9, -2.4, -1.0, 0.8, 2.0, 1.2, 0.7  
2018-01-18, -0.2, 0.6, -0.7, 0.2, 0.2, -1.7, -1.4, 0.3, 1.6, 1.1, 0.5  

2018-01-04: rt AT_USER $amd & $lb puts, $intc calls, $bac AT_USER & AT_USER $ibm |scan results - macd bearish signal line cross today: $bxp $intc $pcrx $ori $gov $sndr $esio $nep $zgnx $lgih ... |four  
2018-01-05: + $734.41 for the week. daily trades recap $intc $erj $sonc $scg swing.: via AT_USER|$intc #briankrzanich #intel $qcom $amd |$intc #briankrzanich #intel $qcom $amd |jim cramer mad money gameplan AT_  
2018-01-08: rt AT_USER $t $vz $intc $fb $bac $ge $mu $amd $bac $gm $rig $baba $s $aapl $orcl $esv $jci $wu $t - highest volume strikes |$t $vz $intc $fb $bac $ge $mu $"
64fc227a-9620-487d-a899-e797e9c08000,"วิเคราะห์ข้อมูลและทวีตต่างๆ เพื่อพิจารณาว่าราคาปิดของ $hd จะปรับตัวขึ้นหรือลงในวันที่ 2017-11-27 โปรดระบุว่าขึ้นหรือลง  
บริบท: วันที่, เปิด, สูง, ต่ำ, ปิด, ปิดปรับ, เพิ่ม 5%, เพิ่ม 10%, เพิ่ม 15%, เพิ่ม 20%, เพิ่ม 25%, เพิ่ม 30  
2017-11-10, -0.5, 0.3, -0.7, 0.5, 0.5, -0.2, 0.1, 0.5, 0.3, 0.4, 0.4  
2017-11-13, -0.4, 0.8, -0.7, 0.8, 0.8, -0.8, -0.6, -0.2, -0.4, -0.4, -0.3  
2017-11-14, -2.6, 0.0, -2.9, 1.6, 1.6, -1.8, -2.1, -1.7, -1.9, -1.9, -1.9  
2017-11-15, 1.2, 1.2, -0.1, -1.5, -1.5, -0.1, -0.6, -0.2, -0.3, -0.4, -0.3  
2017-11-16, -0.5, 0.2, -0.9, 1.2, 1.2, -0.8, -1.5, -1.4, -1.4, -1.5, -1.5  
2017-11-17, -0.4, 0.4, -1.0, 0.1, 0.1, -0.5, -1.4, -1.6, -1.4, -1.6, -1.6  
2017-11-20, -1.4, 0.1, -1.6, 1.6, 1.6, -1.5, -2.6, -2.9, -2.8, -3.0, -3.1  
2017-11-21, -1.3, 0.0, -1.6, 1.4, 1.4, -2.3, -3.5, -4.0, -3.9, -4.1, -4.3  
2017-11-22, 0.5, 0.5, -0.0, -0.5, -0.5, -1.1, -2.5, -3.3, -3.3, -3.5, -3.7  
2017-11-24, -0.1, 0.4, -0.3, 0.2, 0.2, -0.7, -2.2, -3.1, -3.3, -3.4, -3.7  

2017-11-10: AT_USER คอยจับตาผลประกอบการของโฮมดีโปวันอาทิตย์หน้า $hd AMD คุณคิดยังไงกับ $mga ที่มีรายได้พุ่งสูงมาก? |AT_USER คอยจับตาผลประกอบการของโฮมดีโปวันอาทิตย์หน้า $hd AMD คุณคิดยังไงกับ $mga?  
2017-11-11: ภรรยา: คุณคิดยังไงกับลิมมิ่งแว็กซ์? ฉัน: แย่เลยน้อง ไม่คุ้นแต่ก็ใช้ได้ ภรรยา: ไปเอามาที่โฮมดีโปสิ เรามีหุ้น department store corner ตีจุดหรือยัง? $hd $jcp $kss $m $tgt $wmt $amzn  
2017-11-12: สงสัยเรื่องความเสี่ยงของ $hd? 63 วัน volatility อยู่ที่ 6.35% |stocks to watch สัปดาห์หน้า $tsn $pgr $kmda $hd|$jd $hd $amat $wmt $tsn $tgt $csco $yy $"
dd570589-21de-48d3-9f3a-461396712ddd,"จากข้อมูลและทวีตที่ให้มา คุณสามารถคาดการณ์ได้หรือไม่ว่าราคาปิดของ $chk ในวันที่ 13/12/2017 จะขึ้นหรือลง โปรดระบุว่า Rise หรือ Fall

บริบท: วันที่, เปิด, สูง, ต่ำ, ปิด, ปิดปรับ, เพิ่ม 5%, เพิ่ม 10%, เพิ่ม 15%, เพิ่ม 20%, เพิ่ม 25%, เพิ่ม 30  
2017-11-29, -4.0, 0.5, -4.4, 4.7, 4.7, -3.1, -3.7, -2.3, -2.4, -3.6, -4.3  
2017-11-30, -0.5, 4.4, -0.7, 0.5, 0.5, -3.1, -3.6, -2.7, -2.8, -3.5, -4.5  
2017-12-01, 0.2, 3.7, -0.5, 0.5, 0.5, -2.7, -3.5, -3.2, -2.7, -3.5, -4.8  
2017-12-04, 3.3, 4.8, -1.0, -3.4, -3.4, 1.4, -0.2, -0.1, 1.0, 0.2, -1.3  
2017-12-05, 1.5, 3.1, 0.0, -0.8, -0.8, 2.4, 0.7, 0.3, 1.5, 1.0, -0.2  
2017-12-06, 4.0, 4.5, -0.3, -3.8, -3.8, 5.0, 4.6, 4.0, 4.9, 4.9, 3.8  
2017-12-07, 1.1, 3.0, -0.3, -1.9, -1.9, 5.0, 5.8, 5.7, 6.6, 6.6, 5.9  
2017-12-08, 1.6, 3.3, -0.5, -0.5, -0.5, 3.4, 5.7, 6.0, 6.6, 7.2, 6.6  
2017-12-11, -3.1, 1.3, -3.1, 4.1, 4.1, -1.3, 1.6, 1.5, 2.0, 3.1, 2.5  
2017-12-12, 2.1, 2.4, -1.6, -0.5, -0.5, -1.4, 2.0, 1.9, 2.1, 3.2, 3.0  

2017-11-29: rt AT_USER $cmg - currently interviewing ceo's, must be able to make queso, please bring your own ingredients!  $snap $fb $twtr $¡­|$cmg - currently interviewing ceo's, must be able to make queso, ple  
2017-11-30: AT_USER $chk $cg $t $csco $ge $xlf. am i #diversified?|$chk high oi range is 4.00 to 4.00 for option expiration 12/01/2017 #maxpain #options |commented on $ares $chk $dvn $mro $nfx $srun $gst |open an  
2017-12-01: start trading with AT_USER and get a stock like $chk, $snap, or $crm for free! make sure to follow this link!¡­ |evening most tweeted mid caps, check out gambiste top 10: $big $ntnx $bwld $egbn $ibb $  
2017-12-"
4319211c-49f4-4af4-9ba8-0854ba3a8c1e,"วิเคราะห์ข้อมูลและทวีตต่างๆ เพื่อพิจารณาว่าราคาปิดของ $gild จะปรับตัวขึ้นหรือลงในวันที่ 15 พฤศจิกายน 2017 โปรดระบุว่าขึ้นหรือลง  
บริบท: วันที่, เปิด, สูง, ต่ำ, ปิด, ปิดปรับ, เพิ่ม 5%, เพิ่ม 10%, เพิ่ม 15%, เพิ่ม 20%, เพิ่ม 25%, เพิ่ม 30  
2017-11-01, -0.2, 1.4, -0.8, -0.2, -0.2, 1.8, 4.7, 5.7, 6.9, 7.5, 8.1  
2017-11-02, 1.2, 1.3, -0.4, -1.4, -1.4, 2.1, 5.1, 6.5, 7.7, 8.6, 9.2  
2017-11-03, 0.2, 0.5, -0.9, -0.5, -0.5, 1.6, 4.6, 6.3, 7.6, 8.7, 9.3  
2017-11-06, 1.3, 1.5, -0.4, -1.5, -1.5, 2.1, 5.1, 7.2, 8.6, 9.7, 10.4  
2017-11-07, -1.1, 0.2, -1.2, 1.1, 1.1, 0.4, 2.9, 5.3, 6.7, 7.9, 8.7  
2017-11-08, 0.3, 0.4, -0.5, -0.2, -0.2, 0.1, 2.1, 4.8, 6.2, 7.6, 8.4  
2017-11-09, 0.0, 0.5, -0.5, -0.1, -0.1, 0.0, 1.6, 4.2, 5.7, 7.1, 8.1  
2017-11-10, -1.1, 0.4, -2.1, 1.0, 1.0, -0.9, 0.1, 2.4, 4.2, 5.6, 6.7  
2017-11-13, 0.5, 0.7, -0.5, -1.2, -1.2, 0.5, 0.9, 3.1, 5.0, 6.4, 7.6  
2017-11-14, 2.2, 2.2, -1.5, -2.3, -2.3, 2.3, 2.8, 4.7, 6.8, 8.3, 9.6  

2017-11-01: rt AT_USER #celltherapy #dcvax potential all solid tumors $nwbo is big threat to $mrk $nvs $gild $rhhby $pfe $bmy p3 data will se¡­| review of connor alerts - excellent service for small trading accou  
2017-11-02: big put buyers  $zagg $epc $momo $ccl $ozrk $rdc $tmus $gild $wtw $ea $sfm $icpt $trip $cot $ttm $dri $dish $nxtm|$gild remains s/t bearish, with big support 72/71s. m/t bullish to 90, and far beyond.  
2017-11-03: rt AT_USER $curr cure pharmaceuticals is one of the first bold companies to pursue fda testing of cannabinoids. $ibb $gwph $smg $gild¡­|rt AT_USER $curr cure pharmaceuticals is one of the first bold c  
2017-11-04:"
4c101d4a-b3f2-4eb0-803c-cf02f0017e71,"จากข้อมูลและทวีตเหล่านี้ คุณจะคาดการณ์ได้หรือไม่ว่าราคาปิดของหุ้น $ba ในวันที่ 2018-01-23 จะขึ้นหรือลง โปรดระบุว่าขึ้นหรือลง  
บริบท: วันที่, เปิด, สูง, ต่ำ, ปิด, ปิดปรับ, เพิ่ม 5%, เพิ่ม 10%, เพิ่ม 15%, เพิ่ม 20%, เพิ่ม 25%, เพิ่ม 30  
2018-01-08, -0.5, 0.2, -1.4, 0.4, 0.4, -2.6, -3.7, -4.0, -4.7, -5.9, -7.1  
2018-01-09, -2.5, 0.5, -2.5, 2.7, 2.7, -3.8, -5.4, -5.9, -6.6, -7.7, -9.0  
2018-01-10, -0.9, 0.6, -1.5, 0.6, 0.6, -2.9, -5.2, -6.0, -6.6, -7.7, -8.9  
2018-01-11, -1.8, 0.1, -2.1, 2.5, 2.5, -3.3, -6.5, -7.6, -8.3, -9.3, -10.5  
2018-01-12, -1.7, 0.2, -1.7, 2.5, 2.5, -4.0, -7.6, -9.1, -9.8, -10.8, -12.0  
2018-01-16, 1.4, 3.8, -1.1, -0.3, -0.3, -2.2, -6.1, -8.0, -8.9, -9.9, -11.1  
2018-01-17, -3.8, 0.3, -4.2, 4.7, 4.7, -4.8, -8.8, -11.1, -12.2, -13.2, -14.4  
2018-01-18, 3.1, 3.1, -0.3, -3.1, -3.1, -0.6, -4.6, -7.4, -8.8, -9.8, -11.0  
2018-01-19, 1.2, 1.9, -0.6, -0.7, -0.7, 0.7, -2.7, -5.9, -7.5, -8.6, -9.8  
2018-01-22, -0.8, 1.0, -1.8, 0.1, 0.1, 0.7, -1.9, -5.1, -7.0, -8.1, -9.3  

2018-01-08: rt AT_USER $ba over $310  new all time highs |#imagination and #creativity will grow $nflx $ba $c $amzn $wfc -  $aapl $low $oxy $wynn $x #ai #ces2018 #ces2019|AT_USER also 4 contracts of $ba jan 220c  
2018-01-09: $btc $spx $nasdaq $djia $cac $dax $ftse $jpm $tsla $es_f $cl_f $gc_f $tlt $wmt $jnj $fb $googl $msft $intc $amd¡­ |rt AT_USER freakin' $ba |ge stock is a better bet on aircraft demand than boeing AT_U  
2018-01-10: rt AT_USER many do not like the stockbookie will enjoy my live stream tonight as he was massively wrong $spy $ba  i explain the trut¡­|"
d0e16feb-4980-4212-86d6-7b54290fbd71,"วิเคราะห์ข้อมูลและทวีตต่างๆ เพื่อพิจารณาว่าราคาปิดของ $chk จะปรับตัวขึ้นหรือลงในวันที่ 2018-01-23 โปรดระบุว่า Rise หรือ Fall

บริบท: วันที่, เปิด, สูงสุด, ต่ำสุด, ปิด, ปิดปรับ, เพิ่มขึ้น 5%, เพิ่มขึ้น 10%, เพิ่มขึ้น 15%, เพิ่มขึ้น 20%, เพิ่มขึ้น 25%, เพิ่มขึ้น 30  
2018-01-08, 0.8, 0.8, -2.3, -0.5, -0.5, 1.7, 0.5, -2.0, -3.0, -2.8, -2.5  
2018-01-09, -1.2, 1.2, -1.7, 2.0, 2.0, -0.6, -1.0, -3.1, -4.5, -4.8, -4.3  
2018-01-10, 2.0, 2.5, 0.0, -1.2, -1.2, 0.3, 0.3, -1.4, -3.0, -3.5, -2.9  
2018-01-11, -3.6, 1.7, -4.3, 4.8, 4.8, -3.6, -3.5, -4.9, -7.0, -7.7, -7.1  
2018-01-12, -1.4, 1.4, -2.3, 2.1, 2.1, -4.3, -5.0, -6.1, -8.3, -9.1, -8.8  
2018-01-16, 3.9, 3.9, -0.5, -3.3, -3.3, -0.2, -1.4, -2.5, -4.6, -5.6, -5.7  
2018-01-17, 2.0, 2.2, -1.7, -1.2, -1.2, 1.2, -0.2, -0.9, -2.7, -4.1, -4.6  
2018-01-18, 2.0, 2.3, -0.5, -2.4, -2.4, 3.7, 2.1, 1.6, 0.1, -1.5, -2.1  
2018-01-19, 1.3, 1.3, -1.0, -1.0, -1.0, 3.5, 2.9, 2.7, 1.5, -0.4, -1.1  
2018-01-22, 0.0, 0.5, -1.8, 0.5, 0.5, 1.5, 2.3, 2.1, 1.3, -0.6, -1.4  

2018-01-08: สมัครกับ AT_USER และรับหุ้นฟรี เช่น $chk, $msft หรือ $crm อย่าลืมกดติดตามลิงก์นี้! |$chk ถูกสุดๆ และต้องปรับตัวขึ้นอย่างน้อย 1 เท่าจากศักยภาพพื้นฐาน แบสแข็งแรงมาก |start investing A  
2018-01-09: ราคาปรับตัวกลับมาเทียบกับทิศทางรายวัน $chk $rig $mt $slb $gg $xom $cvx $vale $abx $x $fcx $aks |keywords: ปรับลดปริมาณน้ำมันดิบ! จับตาดู $energy $stocks $dnr $chk $rig |start investing A  
2018-01-10: AT_USER AT_USER AT_USER $chk ยังมี #cobalt และ #copper อยู่ใกล้ๆ $ccz...15km potential |$ups $jd $chk $sq $fast $fold $ago $hban $xom $gme $s $kodk $hst $intc $gild $cs $qsr $"
1685510f-f139-4b36-bafa-0c641e4f2411,"ประเมินข้อมูลและทวีตเพื่อประมาณการว่าราคาปิดของ $agn จะปรับตัวสูงขึ้นหรือต่ำลงในวันที่ 2017-11-13 ตอบด้วยคำว่า Rise หรือ Fall

บริบท: วันที่, เปิด, สูง, ต่ำ, ปิด, ปิดปรับ, เพิ่ม 5%, เพิ่ม 10%, เพิ่ม 15%, เพิ่ม 20%, เพิ่ม 25%, เพิ่ม 30

2017-10-30,0.2,1.8,-0.6,-0.1,-0.1,0.4,3.4,7.1,9.3,10.7,11.7  
2017-10-31,1.3,2.2,-0.8,-0.8,-0.8,0.6,3.1,6.8,9.3,10.9,11.9  
2017-11-01,-4.3,2.0,-8.1,4.1,4.1,-3.0,-1.2,1.7,4.3,5.9,7.0  
2017-11-02,3.9,4.5,-2.2,-5.0,-5.0,2.0,3.2,6.0,8.8,10.8,12.1  
2017-11-03,0.6,0.8,-1.2,-0.3,-0.3,1.8,2.7,5.1,8.2,10.4,11.8  
2017-11-06,0.4,1.9,-0.2,-0.3,-0.3,1.7,2.3,4.5,7.7,10.0,11.5  
2017-11-07,1.2,1.4,-0.2,-0.8,-0.8,2.0,2.5,4.4,7.6,10.0,11.7  
2017-11-08,-1.1,0.2,-1.1,1.2,1.2,-0.3,1.0,2.7,5.4,7.9,9.7  
2017-11-09,0.6,1.5,-0.4,-1.1,-1.1,0.6,2.0,3.3,5.7,8.4,10.4  
2017-11-10,0.1,0.8,-0.8,-0.5,-0.5,0.8,2.1,3.1,5.3,8.1,10.3  

2017-10-30: allergan plc. $agn pt set at $280.00 by cowen and company |AT_USER AT_USER $agn is sponsoring a trial AT_USER of an app that uses ai/ml to predict migraines¡­ |rt AT_USER buy of: $agn feb. 195 calls -  
2017-10-31: rt AT_USER allergen $agn imploded for a third month, -13.5% at $177.23. m/t bearish, unless &gt;200. fpe 10s. nm 77.3%. i'd favour $gil¡­|rt AT_USER global #nash biomarkers market report, size, share,  
2017-11-01: $agn allergan option order flow sentiment is 71.7% bullish. |$agn p&amp;f pattern: low pole reversal today...|rt AT_USER $agn allergan might stage a stunning reversal  via AT_USER|scan results - bulli  
2017-11-02: fyi $vrx $agn $tst $aapl $amzn $brk $crm $googl $hlf $ibm $jnj $ko $pep $msft $nflx $snap $twtr $cmg $fb $myl $mrk¡­ |#allergan ceo shared he knew being trustworthy is the top yet became untrustworthy  
2017-11-03: zacks: analysts expect aller"
4fc850d7-7c29-4ca3-9614-426e62364660,"ประเมินข้อมูลและทวีตเพื่อประมาณว่าราคาปิดของ $aal จะปรับตัวสูงขึ้นหรือต่ำลงในวันที่ 2018-01-08 ตอบด้วยคำว่า เพิ่มขึ้น หรือ ลดลง

บริบท: วันที่, เปิด, สูง, ต่ำ, ปิด, ปิดปรับ, เพิ่มขึ้น 5%, เพิ่มขึ้น 10%, เพิ่มขึ้น 15%, เพิ่มขึ้น 20%, เพิ่มขึ้น 25%, เพิ่มขึ้น 30  
2017-12-21, -1.2, 1.3, -1.4, 1.7, 1.7, -2.0, -3.1, -3.9, -4.7, -5.5, -6.7  
2017-12-22, 0.2, 0.6, -0.3, -0.4, -0.4, -1.0, -2.4, -3.1, -3.9, -4.8, -5.9  
2017-12-26, -0.9, 0.7, -1.0, 0.5, 0.5, -1.0, -2.6, -3.2, -4.0, -4.9, -6.0  
2017-12-27, 0.8, 0.9, -0.6, -0.9, -0.9, 0.2, -1.4, -2.0, -2.8, -3.7, -4.7  
2017-12-28, -0.0, 0.3, -0.5, 0.1, 0.1, 0.3, -1.0, -1.8, -2.6, -3.5, -4.4  
2017-12-29, 0.7, 1.5, -0.0, -0.8, -0.8, 0.8, 0.1, -0.8, -1.7, -2.4, -3.3  
2018-01-02, -1.2, 0.2, -2.1, 1.8, 1.8, -0.8, -1.3, -2.4, -3.1, -3.9, -4.7  
2018-01-03, 1.0, 1.0, -0.5, -1.2, -1.2, 0.2, 0.1, -1.0, -1.7, -2.4, -3.2  
2018-01-04, -0.4, 3.3, -0.8, 0.6, 0.6, -0.3, -0.3, -1.4, -2.0, -2.7, -3.5  
2018-01-05, 0.2, 0.4, -0.4, -0.0, -0.0, -0.2, -0.1, -1.0, -1.6, -2.4, -3.2  

2017-12-21: American Airlines Group Inc $aal expected to announce quarterly sales of $10.37 billion |American Airlines Group Inc $aal expected to announce quarterly sales of $10.37 billion |American Airlines Group Inc $aal...  
2017-12-22: American Airlines Group $aal given daily news impact rating of 0.28 |rt AT_USER $aal looks like it just broke out, long term resistance in site. Global growth means more business, but could rising oil...  
2017-12-26: Fundamentals imply American Airlines Group, $aal is 25% undervalued w/ earnings expected 1/25 |$aal max pain is 50.00 for maturity 12/29/2017. #maxpain #options |American Airlines Group Inc $aal market va...  
2017-12-27: rt AT_USER $mat $atvi $arry $aal $foxa $bbby $urbn $holx $eric $tsco $navi $cost $czr $ntap $"
0d4519c9-45dc-4acd-8562-eaff2e51507c,"วิเคราะห์ข้อมูลและทวีตต่างๆ เพื่อพิจารณาว่าราคาปิดของ $aal จะปรับตัวขึ้นหรือลงในวันที่ 2017-11-09 โปรดระบุว่า Rise หรือ Fall

บริบท: วันที่, เปิด, สูง, ต่ำ, ปิด, ปิดปรับ, เพิ่ม 5%, เพิ่ม 10%, เพิ่ม 15%, เพิ่ม 20%, เพิ่ม 25%, เพิ่ม 30  
2017-10-26,7.0,9.4,-0.6,-4.7,-4.7,4.7,6.0,6.4,5.2,3.6,1.9  
2017-10-27,1.8,2.8,-0.5,-2.2,-2.2,5.2,7.2,8.2,7.5,5.9,4.3  
2017-10-30,0.8,0.9,-0.9,-0.7,-0.7,4.3,6.9,8.4,8.2,6.6,5.1  
2017-10-31,0.9,1.7,-0.1,-0.9,-0.9,3.1,6.7,8.5,8.8,7.5,6.3  
2017-11-01,0.3,0.8,-1.0,2.2,2.2,-0.5,3.6,5.5,6.1,5.3,4.2  
2017-11-02,0.9,1.2,-0.6,-1.0,-1.0,0.0,3.7,5.8,6.9,6.4,5.3  
2017-11-03,-0.2,0.3,-1.4,0.2,0.2,-0.2,2.6,4.9,6.3,6.2,5.1  
2017-11-06,-0.1,1.2,-0.5,0.1,0.1,-0.2,1.7,4.1,5.8,6.0,5.0  
2017-11-07,2.3,2.3,-0.1,-2.2,-2.2,1.9,2.9,5.7,7.5,8.1,7.3  
2017-11-08,0.1,1.3,-1.1,-0.2,-0.2,1.4,2.1,5.0,7.0,7.9,7.4  

2017-10-26: เวลานเย็นทวีตบิ๊กแคปที่ได้รับความสนใจมากที่สุด ดูรายชื่อท็อป 10: $twtr $amd $sq $snap $es $ts $tsla $aal $bwa $stm |huh? .AT_USER เตือนนักเดินทางผิวดำเรื่องการบินกับ AT_USER $aal #airlines|dallasbiznews  
2017-10-27: Goldman: 7 หุ้นที่น่าสนใจเพื่อรับประโยชน์จากค่าใช้จ่ายด้านการเติบโตของบริษัท 1.3 ล้านล้านดอลลาร์ในปีหน้า: $gm mu $nrg $aal $wdc $cf $lly |airlines กำลังน่าสนใจมาก $aal $dal $ual $luv ฯลฯ |ราคาเคลื่อนไหวเทียบกับ ex  
2017-10-28: นี่คือวิธีที่ผมเทรดในตลาดที่เคลื่อนไหวเฉื่อย: $tsla $ibb $tlt $wdc $aal nvda $intc $study |huh? .AT_USER เตือนนักเดินทางผิวดำเรื่องการบินกับ AT_USER $aal #airlines|$v $aal $fdx $oxy $axl $mtx $fix $syke $c  
2017-10-29: RT AT_USER $msft $wba $gild 4nbr $ms $intc $rig $uaa $mos $aal $wpm $amzn $amd $dal $ge $goog-10/27 กิจกรรมออปชันที่ผิดปกติ |$msft $wba"
e616a96f-30ec-428e-ad4f-859339e280e9,"วิเคราะห์ข้อมูลและทวีตต่างๆ เพื่อพิจารณาว่าราคาปิดของหุ้น $jpm จะปรับตัวขึ้นหรือลงในวันที่ 2017-11-02 โปรดระบุว่า Rise หรือ Fall

บริบท: วันที่, เปิด, สูงสุด, ต่ำสุด, ปิด, ปิดปรับ, เพิ่ม 5%, เพิ่ม 10%, เพิ่ม 15%, เพิ่ม 20%, เพิ่ม 25%, เพิ่ม 30  
2017-10-19, -0.9, 0.1, -1.0, 0.1, 0.1, -0.6, -1.1, -1.4, -2.0, -2.7, -3.6  
2017-10-20, -0.2, 0.4, -0.8, 1.4, 1.4, -1.3, -2.2, -2.4, -3.2, -3.7, -4.6  
2017-10-23, 0.2, 0.7, -0.1, -0.2, -0.2, -0.8, -1.7, -2.1, -2.7, -3.2, -4.1  
2017-10-24, -1.0, 0.3, -1.1, 1.6, 1.6, -1.7, -2.9, -3.3, -3.8, -4.5, -5.3  
2017-10-25, 0.2, 0.4, -0.8, 0.1, 0.1, -1.2, -2.6, -3.1, -3.6, -4.3, -5.0  
2017-10-26, -0.4, 0.7, -0.4, 0.7, 0.7, -1.2, -2.7, -3.5, -4.0, -4.7, -5.3  
2017-10-27, -0.3, 0.5, -0.7, 0.0, 0.0, -0.8, -2.1, -3.2, -3.7, -4.4, -5.0  
2017-10-30, -0.3, 0.5, -0.5, -0.4, -0.4, -0.0, -1.4, -2.5, -3.1, -3.8, -4.4  
2017-10-31, 0.8, 1.1, -0.0, -0.8, -0.8, 0.7, -0.4, -1.5, -2.1, -2.7, -3.4  
2017-11-01, 0.2, 0.8, -0.2, 0.3, 0.3, 0.4, -0.4, -1.5, -2.1, -2.7, -3.4  

2017-10-19: อีกครั้ง นักธนาคารของ sprint บอกว่าดีลนี้เสร็จแล้ว เหลือแค่ตกลงเรื่องราคา $s $tmus $dtegy $sftby $jpm |$jpm bullish buywrite hit with chart setup long forming |rt AT_USER no, smart like a fo  
2017-10-20: rt AT_USER $jpm's grace peters provides investment insights on bloomberg. #jpmprivatebank |$ge $bac $aapl $mu $wft $tsla $fb $t $msft $amd $baba $celg $jpm $nvda $nflx $pypl $amzn $unp -most active op  
2017-10-21: $jpm is set to hit $100. from there, 125/30 by mid 2018. fpe 13s, net margin 46.6%. talk of $200 can begin.¡­ |as always, i great read by AT_USER . thank you for"
c5ff368c-6852-461b-a437-92aa9dea33c8,"จากการวิเคราะห์ข้อมูลและทวีตต่างๆ เราสามารถคาดการณ์ได้หรือไม่ว่าราคาปิดของหุ้น $aal ในวันที่ 16 พฤศจิกายน 2017 จะขึ้นหรือลง โปรดระบุว่า Rise หรือ Fall

บริบท: วันที่, เปิด, สูง, ต่ำ, ปิด, ปิดปรับ, เพิ่ม 5%, เพิ่ม 10%, เพิ่ม 15%, เพิ่ม 20%, เพิ่ม 25%, เพิ่ม 30

2017-11-02,0.9,1.2,-0.6,-1.0,-1.0,0.0,3.7,5.8,6.9,6.4,5.3  
2017-11-03,-0.2,0.3,-1.4,0.2,0.2,-0.2,2.6,4.9,6.3,6.2,5.1  
2017-11-06,-0.1,1.2,-0.5,0.1,0.1,-0.2,1.7,4.1,5.8,6.0,5.0  
2017-11-07,2.3,2.3,-0.1,-2.2,-2.2,1.9,2.9,5.7,7.5,8.1,7.3  
2017-11-08,0.1,1.3,-1.1,-0.2,-0.2,1.4,2.1,5.0,7.0,7.9,7.4  
2017-11-09,0.2,1.3,-0.9,-1.3,-1.3,2.1,2.8,5.6,7.7,8.9,8.7  
2017-11-10,-0.4,0.7,-0.6,0.1,0.3,1.1,2.1,4.4,6.6,8.1,8.3  
2017-11-13,-0.2,0.3,-0.9,-0.2,-0.2,0.5,1.9,3.8,6.0,7.8,8.3  
2017-11-14,-1.1,0.3,-1.2,0.2,0.2,0.1,1.6,2.8,5.2,7.0,7.8  
2017-11-15,-3.1,0.3,-3.7,3.0,3.0,-2.4,-1.5,-0.8,1.6,3.4,4.4  

2017-11-02: american airlines group, inc. $aal upgraded by j p morgan chase & co to ¡°overweight¡± |american airlines group, inc. $aal upgraded by j p morgan chase & co to ¡°overweight¡± |aal...buying  $a  
2017-11-03: $aal - as economy gains strength, companies sell (and spend) more |$aal has a lower net income margin and higher tev/ebitda than the industry mean. it doesn't perform well.¡­ |dallasbiznews: etihad ax  
2017-11-04: no more flying $aal for me. long term short for me.|rt AT_USER here's how i successfully traded long and short simultaneously #stocks #swingtrading #finance $ups $ry $aal |must read!¨uhuh? .AT_USER wa  
2017-11-05: fous4x2 #daytrading dvd review:  $aapl $fxcm $himx $asps $aal|must read!¨uhuh? .AT_USER warns black travelers about flying with AT_USER $aal  10/25/2017|american airlines group, inc. $aal receives buy  
2017-11-06: $aal - anglo american plc #aal stock price up 0% |dallasbiznews: qatar airways to buy 9.6% of hong kong¡¯s cathay pacific after american snub:  $aal|qatar airways to buy 9.6% of hong kong"
07d4daaf-9adc-48ed-ab6f-4f2f633ef2df,"วิเคราะห์ข้อมูลและทวีตต่างๆ เพื่อพิจารณาว่าราคาปิดของ $ge จะปรับตัวขึ้นหรือลงในวันที่ 19 มกราคม 2018 โปรดระบุว่า Rise หรือ Fall  
บริบท: วันที่, เปิด, สูง, ต่ำ, ปิด, ปิดปรับ, เพิ่ม 5%, เพิ่ม 10%, เพิ่ม 15%, เพิ่ม 20%, เพิ่ม 25%, เพิ่ม 30  
2018-01-04, -0.8, 0.4, -1.2, 2.1, 2.1, -3.4, -4.9, -4.9, -5.0, -4.7, -4.5  
2018-01-05, 1.7, 1.7, -0.2, 0.1, 0.1, -2.2, -4.3, -4.7, -4.7, -4.7, -4.4  
2018-01-08, 2.1, 2.3, -1.0, -1.4, -1.4, 0.1, -2.4, -3.0, -3.2, -3.3, -3.0  
2018-01-09, -1.3, 0.5, -2.5, 1.5, 1.5, -0.8, -3.2, -4.2, -4.4, -4.6, -4.3  
2018-01-10, -1.8, 0.7, -1.8, 2.0, 2.0, -1.9, -4.3, -5.6, -5.9, -6.1, -6.0  
2018-01-11, 1.1, 1.9, -0.1, 0.5, 0.5, -1.9, -3.9, -5.5, -6.0, -6.3, -6.3  
2018-01-12, 1.9, 2.1, -0.3, -1.4, -1.4, -0.3, -1.8, -3.7, -4.4, -4.7, -4.9  
2018-01-16, 0.6, 1.7, -1.4, -2.9, -2.9, 2.7, 1.6, -0.4, -1.3, -1.7, -2.0  
2018-01-17, 1.7, 2.0, -0.5, -4.7, -4.7, 6.4, 6.3, 4.5, 3.5, 3.1, 2.8  
2018-01-18, 3.8, 4.3, 0.0, -3.4, -3.4, 7.5, 9.1, 7.9, 6.8, 6.5, 6.2  

2018-01-04: เพิ่มสัดส่วน $ge ในหุ้นเดี่ยวเป็น 4% ในกรณีที่ไม่มีการปรับตัวของตลาดในเดือนนี้ |market iii: ดัชนี #djia ที่ 25,000 สะท้อนถึงเศรษฐกิจที่แข็งแกร่งและความแข็งแกร่งของหุ้นที่แสดงให้เห็น  
2018-01-05: เมื่อเข้าสู่ช่วงสุดสัปดาห์ ผมมีสถานะเปิดใน $mgm, $p, $xlk, $xlu, $tmus, $ge และ $aap ผมปิดสถานะ $potn ที่ราคา 95 ดอลลาร์ขาดทุน |$ge มีเทียนสีเขียวที่ดีหนึ่งอันเมื่อสัปดาห์ที่แล้ว ควรจะตามมาจนกว่าจะถึงจุดนั้น แล้วก็อาจเป็น  
2018-01-08: หุ้นที่ให้เงินปันผลสูงเหล่านี้เป็นตัวเลือกที่ดีกว่าหุ้น ""สุนัขของดาว"" |$djia, $ge |rt AT_USER $t, $vz, $intc, $fb, $bac, $ge, $mu, $"
a6227157-d933-4185-b184-85d01b9de996,"วิเคราะห์ข้อมูลและทวีตต่างๆ เพื่อพิจารณาว่าราคาปิดของ $ge จะปรับตัวขึ้นหรือลงในวันที่ 2018-01-03 โปรดระบุว่า Rise หรือ Fall

บริบท: วันที่, เปิด, สูง, ต่ำ, ปิด, ปิดปรับ, เพิ่ม 5%, เพิ่ม 10%, เพิ่ม 15%, เพิ่ม 20%, เพิ่ม 25%, เพิ่ม 30  
2017-12-18, 0.6, 1.6, -0.1, -0.3, -0.3, 0.1, -0.2, 0.4, 0.6, 0.9, 2.9  
2017-12-19, 1.1, 1.2, -0.2, -1.0, -1.0, 0.7, 0.8, 1.2, 1.5, 1.7, 3.5  
2017-12-20, 1.0, 1.1, -0.5, -0.8, -0.8, 1.1, 1.4, 1.6, 2.2, 2.4, 3.8  
2017-12-21, -0.1, 1.2, -0.2, 0.1, 0.1, 0.8, 1.2, 1.2, 1.9, 2.1, 3.2  
2017-12-22, 0.1, 0.3, -0.6, 0.2, 0.2, 0.3, 0.9, 1.0, 1.6, 1.8, 2.6  
2017-12-26, 0.1, 1.3, -0.2, -0.4, 0.3, -0.2, 0.5, 0.6, 1.2, 1.4, 1.7  
2017-12-27, 0.5, 1.4, -0.4, -0.3, -0.3, -0.0, 0.6, 0.8, 1.2, 1.6, 1.8  
2017-12-28, -0.1, 0.2, -0.6, -0.1, -0.1, 0.1, 0.5, 0.9, 1.1, 1.6, 1.8  
2017-12-29, -1.0, 0.5, -1.0, 0.5, 0.5, -0.3, -0.0, 0.3, 0.4, 1.0, 1.2  
2018-01-02, -2.3, 0.1, -2.5, 3.0, 3.0, -2.6, -2.8, -2.5, -2.5, -2.0, -1.8  

2017-12-18: rt AT_USER big call buyers  $snap $adbe $ebay $cmcsa $andv $cat $qcom $vsm $tpx $lgih $aple $vz $nflx $twl¡­|big call buyers  $snap $adbe $ebay $cmcsa $andv $cat $qcom $vsm $tpx $lgih $aple $vz $nflx  
2017-12-19: cramer remix: i¡¯m ashamed of my $ge recommendation |scan results - new 52 week closing low today: $ppl $epr $clns $alex $kw $tsro $brfs $ago $ge $pcg ... |AT_USER funny - normally i'd say no but in t  
2017-12-20: big call buyers  $mu $trox $wfc $jpm $thc $intc $cop $nvo $wdc $nke $low $bb $pwr $pfe $ge $cbs $acn $csx|rt"
e33d3c08-acbc-423f-8f26-9b526411bb04,"วิเคราะห์ข้อมูลและทวีตเพื่อสรุปว่าราคาปิดของ $pfe จะปรับตัวขึ้นหรือลงในวันที่ 2017-12-12 โปรดยืนยันว่า Rise หรือ Fall

บริบท: วันที่, เปิด, สูง, ต่ำ, ปิด, ปิดปรับ, เพิ่ม 5%, เพิ่ม 10%, เพิ่ม 15%, เพิ่ม 20%, เพิ่ม 25%, เพิ่ม 30  
2017-11-28, -0.7, 0.1, -0.9, 1.0, 1.0, -0.8, -1.0, -1.3, -1.6, -1.5, -1.2  
2017-11-29, -0.7, 0.6, -0.9, 1.0, 1.0, -1.4, -1.8, -2.1, -2.4, -2.4, -2.2  
2017-11-30, -0.1, 0.6, -0.5, 0.1, 0.1, -1.1, -1.7, -2.0, -2.3, -2.5, -2.2  
2017-12-01, -0.2, 0.4, -0.9, 0.2, 0.2, -0.9, -1.7, -2.0, -2.4, -2.7, -2.4  
2017-12-04, 1.2, 1.6, -0.0, -0.8, -0.8, 0.2, -0.7, -1.1, -1.5, -1.8, -1.7  
2017-12-05, 0.8, 1.6, -0.3, -1.2, -1.2, 1.3, 0.6, 0.2, -0.2, -0.5, -0.5  
2017-12-06, 0.1, 0.9, -0.1, -0.2, -0.2, 1.2, 0.8, 0.4, 0.1, -0.2, -0.4  
2017-12-07, 0.2, 0.4, -1.0, -0.2, -0.2, 0.9, 1.0, 0.6, 0.3, -0.0, -0.2  
2017-12-08, -1.2, 0.1, -1.2, 0.7, 0.7, -0.1, 0.3, -0.1, -0.3, -0.6, -0.9  
2017-12-11, -0.5, 0.1, -1.4, 1.3, 1.3, -1.3, -0.8, -1.2, -1.5, -1.8, -2.1  

2017-11-28: rt AT_USER pfizer's #prevnar 13 set for another price hike in 2018 as u.s. price-per-dose climbs near $180 #drugprices #pharma #bigpharma  
2017-11-30: rt AT_USER health insurers don't have any interest in long-term health, says $pfe's read. $regn's schleifer breaks in: ""unfortunately, if we want to deal with drug costs, need to rework f  
2017-12-01: price moves vs expected moves $myl $vrx $teva $celg $mrk $amgn $gild $aet $jnj $pfe $bmy $abbv  
2017-12-02: joe papa, brought in to turn valeant stock around very very quickly failed miserably & now there may be accountabil Haverford Trust Company boosted by $1.13 million its pfizer $pfe position |so  
2017-12-03: active #trader"
3dc96b06-0c12-4d71-84b2-566bf519f7b0,"จากข้อมูลและทวีตที่ให้มา คุณจะคาดการณ์ได้หรือไม่ว่าราคาปิดของ $fcx ในวันที่ 13 ธันวาคม 2017 จะขึ้นหรือลง โปรดระบุว่า Rise หรือ Fall

บริบท: วันที่, เปิด, สูง, ต่ำ, ปิด, ปิดปรับ, เพิ่ม 5%, เพิ่ม 10%, เพิ่ม 15%, เพิ่ม 20%, เพิ่ม 25%, เพิ่ม 30  
2017-11-29, -0.5, 1.3, -1.2, -1.4, -1.4, 1.2, 0.0, 1.0, 1.5, 1.6, 2.4  
2017-11-30, 1.3, 1.7, -0.6, -0.6, -0.6, 1.4, 0.9, 1.2, 1.9, 2.0, 2.8  
2017-12-01, -1.2, 1.4, -1.9, 1.4, 1.4, -0.3, -0.1, -0.4, 0.5, 0.5, 1.3  
2017-12-04, -0.3, 2.4, -0.7, 1.3, 1.3, -1.3, -1.2, -1.8, -0.8, -0.8, -0.2  
2017-12-05, -0.4, 0.2, -2.1, -1.3, -1.3, -0.1, 0.3, -0.6, 0.4, 0.6, 1.0  
2017-12-06, -1.7, 0.8, -1.7, 1.7, 1.7, -1.3, -1.3, -2.0, -1.4, -1.0, -0.9  
2017-12-07, -4.3, 0.2, -4.3, 3.4, 3.4, -3.4, -4.1, -4.7, -4.6, -4.2, -4.2  
2017-12-08, 0.0, 0.2, -0.8, 0.9, 0.9, -3.0, -4.5, -4.9, -5.4, -4.8, -4.9  
2017-12-11, 0.2, 0.9, -0.5, 0.3, 0.3, -2.4, -4.2, -4.7, -5.5, -4.9, -5.1  
2017-12-12, -3.6, 0.3, -3.8, 4.6, 4.6, -4.7, -7.5, -8.2, -9.2, -8.8, -8.8  

2017-11-30: <-- free access to a tim sykes premium video lesson usually only for subscribers! $scty $fcx $oke|$fcx 14 puts buying activity expiring on 16th feb, vol 8000|$fcx double inside 60 |a bullish big m  
2017-12-01: $fcx may go up 6% if the bull pattern is confirmed. chk confirmation [61%] @ buy level:14.1100.|american century companies inc. purchases new stake in freeport-mcmoran, inc. $fcx |freeport-mcmoran, i  
2017-12-02: nexa resources $nexa & freeport-mcmoran $fcx financial analysis |nexa resources $nexa & freeport-mcmoran $fcx financial analysis |nexa resources $nexa & freeport-mcmoran $fcx financial ana  
2017-12-03: tctc holdings has increased freeport $fcx holding by $3"
cde3aba2-c5a4-47ec-835c-92f9b062c4af,"ประเมินข้อมูลและทวีตเพื่อประมาณว่าราคาปิดของ $gs จะปรับตัวขึ้นหรือลงในวันที่ 2017-11-03 ตอบด้วยคำว่า เพิ่มขึ้น หรือ ลดลง

บริบท: วันที่, เปิด, สูงสุด, ต่ำสุด, ปิด, ปิดปรับ, เพิ่มขึ้น 5%, เพิ่มขึ้น 10%, เพิ่มขึ้น 15%, เพิ่มขึ้น 20%, เพิ่มขึ้น 25%, เพิ่มขึ้น 30

2017-10-20, -0.7, 0.2, -1.7, 2.0, 2.0, -1.5, -1.5, -1.2, -2.1, -2.9, -3.7  
2017-10-23, 0.9, 1.3, -0.3, -1.1, -1.1, -0.5, -0.4, -0.1, -0.8, -1.6, -2.4  
2017-10-24, -0.5, 0.6, -0.8, 1.1, 1.1, -0.9, -1.4, -1.1, -1.6, -2.4, -3.2  
2017-10-25, 1.8, 2.0, -0.4, -1.3, -1.3, 0.4, -0.2, 0.2, -0.1, -1.0, -1.8  
2017-10-26, 0.4, 0.9, -0.1, 0.0, 0.0, 0.5, -0.1, 0.1, -0.0, -0.8, -1.6  
2017-10-27, -0.4, 0.3, -0.8, -0.0, -0.0, 0.3, 0.0, -0.1, 0.1, -0.6, -1.3  
2017-10-30, -0.3, 0.7, -0.6, -0.3, -0.3, 0.5, 0.3, 0.2, 0.4, -0.1, -0.8  
2017-10-31, -0.7, 0.7, -0.8, 0.7, 0.7, -0.3, -0.1, -0.4, -0.2, -0.5, -1.3  
2017-11-01, -0.2, 1.3, -0.6, 0.7, 0.7, -0.8, -0.7, -1.1, -0.9, -1.1, -1.8  
2017-11-02, -0.9, 0.3, -1.4, 1.1, 1.1, -1.5, -1.5, -2.0, -1.9, -2.0, -2.6  

2017-10-20: การตั้งค่า chartmill ของ $gs อยู่ที่ระดับสูงสุดเป็นประวัติการณ์ #contentcuration #androiddev |$gs 19-jan-18 ATM implied volatility ลดลง -1.0% เหลือ 19.9. straddle บ่งชี้ถึงการเคลื่อนไหวที่สูงถึง +7.8%. Earnings ม.ค. 17  
2017-10-21: การตั้งค่าที่น่าสนใจสำหรับ $gs บน #rupee #hr |หากคุณยังไม่ทำกำไรในตลาดนี้และต้องการความสม่ำเสมอ ลองใช้ทีมของเรา $sq $nflx $amzn $amd $tsla $aapl $gs |The infamous squid: $gs ใกล้จะเข้าสู่...  
2017-10-22: $bkx: ธนาคารที่ควรจับตาดูอย่างใกล้ชิดในระดับปัจจุบัน -- จะเป็นไปตามหรือล้มเหลว? $c $gs $jpm |rt AT_USER หากคุณยังไม่ทำกำไรในตลาดนี้และต้องการความสม่ำเสมอ ลองใช้ทีมของเรา $sq $"
b5536812-111a-45e8-9d93-e852bc9ba013,"วิเคราะห์ข้อมูลและโพสต์ในโซเชียลมีเดียเพื่อพิจารณาว่าราคาปิดของ $agn จะขึ้นหรือลงในวันที่ 2017-12-28 โปรดตอบด้วยคำว่า Rise หรือ Fall

บริบท: วันที่, เปิด, สูง, ต่ำ, ปิด, ปิดปรับ, เพิ่ม 5, เพิ่ม 10, เพิ่ม 15, เพิ่ม 20, เพิ่ม 25, เพิ่ม 30  
2017-12-13,1.0,2.0,-0.6,-1.5,-1.5,0.0,-0.2,0.8,1.1,1.3,1.7  
2017-12-14,-0.9,2.5,-1.3,1.0,1.0,-0.2,-1.3,-0.4,0.0,0.2,0.4  
2017-12-15,0.4,1.7,-0.6,0.4,0.4,-0.2,-1.7,-0.9,-0.5,-0.3,-0.1  
2017-12-18,0.6,1.9,-0.2,-0.4,-0.4,0.0,-1.0,-0.5,-0.1,0.2,0.3  
2017-12-19,0.9,1.8,-0.1,-0.8,-0.8,0.5,0.1,0.2,0.6,0.9,1.0  
2017-12-20,2.5,2.8,-0.2,-2.3,-2.3,2.4,2.3,2.1,2.8,3.1,3.3  
2017-12-21,-1.4,0.5,-1.5,1.2,1.2,0.9,1.3,0.7,1.4,1.8,1.9  
2017-12-22,1.8,2.0,-0.6,-1.6,-1.6,1.7,2.8,2.2,2.8,3.2,3.5  
2017-12-26,0.1,1.2,-0.2,-0.3,-0.3,1.2,2.6,2.4,2.9,3.3,3.6  
2017-12-27,-0.7,1.0,-0.8,0.7,0.7,0.0,1.5,1.7,2.0,2.4,2.8  

2017-12-13: ราคาคืนค่าเทียบกับค่าเฉลี่ยรายวันที่คาดการณ์ไว้ $abbv $vrx $gild $bmy $jnj $pfe $mrk $celg $agn $cvs $teva $riot  
2017-12-14: ภาษีนิติบุคคลลดจาก 35% เหลือ 20% หมายความว่าบางบริษัทจะได้รับกำไร บริษัทที่มีภาษีค้างชำระสูงจะได้รับผลประโยชน์  
2017-12-15: การซื้อขายภายในสัปดาห์นี้ที่สำคัญที่สุด: 4-8 ธันวาคม 2017 $aapl $agn $ben $chrw $cost $ctl $ecl $hal $kim  
2017-12-16: สหรัฐฯ เผชิญวิกฤตโอปิออยด์อุตสาหกรรมกัญชาทางการแพทย์หวังเป็นทางเลือกที่ปลอดภัยกว่า  
2017-12-17: Allergan ดูเหมือนจะถูกลงหรือไม่? เป้าหมายการซื้อ $agn 8 รายการที่น่าจับตามองในปี 2018 $bmrn $agn $alny $bmy $incy $once $scmp ผ่าน AT_USER | Mizuho Co-signs Shock Exchange; Valeant อาจเพิ่มทุน  
2017-12-18: 5 สิ่งสำหรับ #pharma #marketers to know: วันจันทร์ 18 ธันวาคม $cvs $aet #merger #healthcare #dea #opioidepidemic #drugpolicy $agn"
750940c9-5a1b-47cb-bf72-3bdabd156cda,"วิเคราะห์ข้อมูลและทวีตต่างๆ เพื่อพิจารณาว่าราคาปิดของหุ้น $jnj ในวันที่ 2017-12-07 จะปรับตัวขึ้นหรือลง โปรดระบุว่า Rise หรือ Fall  
บริบท: วันที่, เปิด, สูง, ต่ำ, ปิด, ปิดปรับ, เพิ่ม 5%, เพิ่ม 10%, เพิ่ม 15%, เพิ่ม 20%, เพิ่ม 25%, เพิ่ม 30  
2017-11-22,0.7,0.8,-0.5,-0.8,-0.8,0.6,1.2,1.5,1.7,2.1,1.9  
2017-11-24,-0.4,0.3,-0.5,0.5,0.5,-0.1,0.5,0.8,1.0,1.5,1.4  
2017-11-27,-0.4,0.2,-0.4,0.1,0.7,-0.6,-0.3,0.1,0.3,0.7,0.7  
2017-11-28,-1.2,0.4,-1.3,1.4,1.4,-1.6,-1.6,-1.2,-1.1,-0.8,-0.5  
2017-11-29,0.3,0.6,-0.6,-0.1,-0.1,-1.1,-1.3,-1.0,-0.9,-0.7,-0.4  
2017-11-30,0.5,0.7,-0.6,-0.3,-0.3,-0.3,-0.9,-0.7,-0.5,-0.4,-0.1  
2017-12-01,-0.3,0.4,-1.0,0.5,0.5,-0.4,-1.2,-1.2,-1.0,-0.9,-0.5  
2017-12-04,1.2,1.8,-0.1,-0.7,-0.7,0.4,-0.4,-0.5,-0.3,-0.2,0.1  
2017-12-05,0.1,0.8,-0.3,0.5,0.5,-0.1,-0.7,-0.9,-0.7,-0.7,-0.5  
2017-12-06,-0.2,0.6,-0.6,1.0,1.0,-0.9,-1.4,-1.8,-1.6,-1.6,-1.4  

2017-11-24: my guess-they go nowhere. if went somewhere it means they still had hope that if they got there.. $aapl $amzn $brk¡­ |price moves vs expected moves $juno $teva $jnj $bmy $abbv $vrx $pfe $mrk $gild $ce  
2017-11-25: seriously, who wants to buy a stock when management is relentlessly selling stock every month then getting granted¡­ |rt AT_USER love this, tesla is absolutely disrupting and wreaking havoc in the oil  
2017-11-26: rt AT_USER if you think trump appointing #alexazar to hhs is bad, wait until you read about what the #fda is already doing. ventur¡­|rt AT_USER love this, tesla is absolutely disrupting and wreaking h  
2017-11-27: $jnj swing long with dec 138¡¯s |barronsonline: j&amp;j lost $175 million on achillion stock investment  $jnj via barronsedlin|#navycapital #barronsonline: j&amp;j lost $175 million on achillion stock  
2017-11-28: rt AT_USER this market is on crack.....are we having fun yet?? $jnj setup playing out nicely!!|price returns vs expected daily move $bmy $jnj $gild $pfe $mrk $celg $teva $abbv $agn $vrx $regn $bsx¡­ |"
105c105c-93a9-40e3-bb48-1d9928899baf,"พิจารณาจากข้อมูลและทวีตที่ให้มา เพื่อคาดการณ์ว่าราคาปิดของ $jpm ในวันที่ 2017-12-29 จะ Rise หรือ Fall โปรดตอบด้วยคำว่า Rise หรือ Fall

บริบท: วันที่, เปิด, สูง, ต่ำ, ปิด, ปิดปรับ, เพิ่ม 5%, เพิ่ม 10%, เพิ่ม 15%, เพิ่ม 20%, เพิ่ม 25%, เพิ่ม 30  
2017-12-14,1.4,1.7,-0.0,-0.8,-0.8,1.0,0.9,-0.5,-1.8,-2.8,-3.1  
2017-12-15,-0.3,0.4,-0.9,1.4,1.4,-0.4,-0.4,-1.4,-2.9,-3.8,-4.3  
2017-12-18,0.2,0.6,-0.4,0.8,0.8,-0.9,-1.2,-1.6,-3.2,-4.2,-4.8  
2017-12-19,0.8,0.9,-0.1,-0.4,-0.4,-0.5,-0.7,-0.9,-2.4,-3.5,-4.3  
2017-12-20,1.4,1.5,-0.0,-0.3,-0.3,-0.1,-0.2,-0.4,-1.7,-2.8,-3.7  
2017-12-21,-1.1,0.2,-1.2,1.6,1.6,-1.0,-1.5,-1.7,-2.9,-4.0,-4.9  
2017-12-22,0.7,0.9,-0.6,-0.4,-0.4,-0.4,-1.0,-1.2,-2.1,-3.3,-4.3  
2017-12-26,0.2,0.9,-0.6,-0.4,-0.4,-0.0,-0.5,-0.8,-1.3,-2.6,-3.6  
2017-12-27,-0.5,0.1,-0.5,0.2,0.2,-0.1,-0.6,-0.9,-1.2,-2.5,-3.5  
2017-12-28,-0.4,0.0,-0.6,0.5,0.5,-0.3,-0.9,-1.3,-1.5,-2.7,-3.6  

2017-12-14: rt AT_USER i explain an options plan for  $jpm    |rt AT_USER i was away but yes $jpm did confirm the jan 19 105 call now  3.60 as $jpm is at 106.95  at confirmation perhaps 3.20 it s¡­|$jpm ready for  
2017-12-15: rt AT_USER seen in #maine: an ocean view of sand beach, shot by a $jpm employee. |rt AT_USER seen in #maine: an ocean view of sand beach, shot by a $jpm employee. |rt AT_USER seen in #maine: an ocean  
2017-12-16: rt AT_USER #bitcoin is starting to play &amp; numbers are getting serious. $19k makes it #5 on AT_USER with $320b market cap. 1. $baba 2. $j¡­|rt AT_USER fed¡¯s up, markets up, &amp; taxes down?¡± you  
2017-12-17: $jpm $cme making sense of bitcoin and its wild price ride: quicktake q&amp;a via |rt AT_USER #bitcoin is starting to play &amp; numbers are getting serious. $19k makes it #5 on AT_USER with $320b mark  
2017-12-18: j p morgan chase &amp; co $jpm receiving somewhat positive press coverage, study shows |"
e8d4b45e-3b21-4e47-b0dd-5e4d129e427f,"ด้วยความช่วยเหลือจากข้อมูลและทวีตที่ให้มา คุณสามารถคาดการณ์ได้หรือไม่ว่าราคาปิดของ $c จะขึ้นหรือลงในวันที่ 2017-12-15 โปรดระบุว่า Rise หรือ Fall

บริบท: วันที่, เปิด, สูง, ต่ำ, ปิด, ปิดปรับ, เพิ่ม 5%, เพิ่ม 10%, เพิ่ม 15%, เพิ่ม 20%, เพิ่ม 25%, เพิ่ม 30  
2017-12-01, 0.3, 1.0, -2.3, 0.0, 0.0, -1.7, -3.2, -3.7, -3.6, -3.4, -3.3  
2017-12-04, -0.1, 1.1, -0.6, 2.1, 2.1, -2.2, -4.4, -5.3, -5.4, -5.2, -5.1  
2017-12-05, 0.6, 1.0, -0.5, -0.7, -0.7, -0.8, -3.1, -4.2, -4.5, -4.3, -4.3  
2017-12-06, 1.1, 1.4, -0.5, -1.4, -1.4, 0.8, -1.3, -2.5, -3.0, -2.8, -2.8  
2017-12-07, -0.4, 0.5, -1.0, -0.6, -0.6, 1.2, -0.3, -1.6, -2.2, -2.2, -2.1  
2017-12-08, -0.9, 0.0, -1.0, 1.0, 1.0, 0.3, -0.8, -2.2, -2.9, -3.0, -3.0  
2017-12-11, 0.1, 0.4, -0.4, 0.2, 0.2, -0.2, -0.4, -2.0, -2.9, -3.1, -3.1  
2017-12-12, -0.1, 0.9, -0.8, 0.4, 0.4, -0.7, -0.5, -2.0, -3.0, -3.4, -3.3  
2017-12-13, 1.1, 1.6, -0.1, -1.3, -1.3, 0.6, 0.9, -0.4, -1.4, -1.9, -1.9  
2017-12-14, 1.8, 2.0, -0.2, -1.6, -1.6, 1.9, 2.3, 1.4, 0.4, -0.2, -0.3  

2017-12-01: piedmont investment advisors llc ลดสัดส่วนการลงทุนใน citigroup inc. $c |bb&t investment services inc. ซื้อตำแหน่งใหม่ใน citigroup inc. $c |rockshelter capital management llc มีเงินลงทุน 17.94 ล้านดอลลาร์สหรัฐฯ  
2017-12-02: AT_USER นี่มาจากบัณฑิต $c เหรอ lmfao! เห็นได้ชัดว่าคุณไม่รู้มากนักเกี่ยวกับ UCLA FB และเหตุผลที่พวกเขาไม่เคยพิสูจน์ว่า $c^0$-inextendibility ของสเปซไทม์ชวาร์ซชิลด์เป็นจริงหรือไม่ |rt AT_USER  
2017-12-03: 10 ปีบินขึ้นคืนนี้...ขึ้นไป 2.417 เพิ่มขึ้น 0.054 $c $jpm $bac $xlf |premarket futures ร้อนแรง...อาจเป็นเดือนธันวาคมที่น่าจดจำ $c $bac $jpm $xlf $aapl |what a run $c |แต่ตอนนี้ฉัน"
7632c975-e9bc-425c-9a15-55b91dd98d9e,"วิเคราะห์ข้อมูลและทวีตเพื่อคาดการณ์ว่าราคาปิดของ $dis จะปรับตัวขึ้นหรือลงในวันที่ 17 มกราคม 2018 โปรดยืนยันว่าจะขึ้นหรือลง  
บริบท: วันที่, เปิด, สูง, ต่ำ, ปิด, ปิดปรับ, เพิ่ม 5%, เพิ่ม 10%, เพิ่ม 15%, เพิ่ม 20%, เพิ่ม 25%, เพิ่ม 30  
2018-01-02, -2.5, 0.0, -2.9, 4.0, 4.0, -2.9, -2.2, -2.4, -3.1, -4.0, -4.8  
2018-01-03, -0.1, 0.8, -0.7, 0.4, 0.4, -2.6, -2.5, -2.5, -3.4, -4.0, -4.9  
2018-01-04, 0.6, 0.7, -0.5, -0.0, -0.0, -1.7, -2.4, -2.1, -3.1, -3.6, -4.5  
2018-01-05, 0.9, 0.9, -0.3, -0.5, -0.5, -0.5, -1.7, -1.4, -2.3, -2.9, -3.7  
2018-01-08, 0.8, 1.1, -0.4, -1.4, -1.4, 1.4, -0.2, 0.0, -0.6, -1.2, -2.1  
2018-01-09, 0.2, 0.8, -0.1, -0.1, -0.1, 1.2, -0.0, 0.0, -0.2, -1.0, -1.8  
2018-01-10, 0.4, 0.9, -0.4, -0.4, -0.4, 1.1, 0.5, 0.4, 0.3, -0.5, -1.1  
2018-01-11, -0.7, 0.1, -1.3, 1.4, 1.4, -0.5, -0.6, -1.1, -0.9, -1.7, -2.2  
2018-01-12, -1.0, 0.2, -1.3, 1.3, 1.3, -1.7, -1.5, -2.2, -2.0, -2.7, -3.3  
2018-01-16, 2.2, 2.2, -0.1, -1.6, -1.6, 0.0, 0.4, -0.5, -0.4, -0.9, -1.5  

2018-01-02: $dis ขยับแรงวันนี้ แผนภูมิรายสัปดาห์ชี้ว่ากำลังอยู่ในทิศขาลง แต่ทะลุเหนือและมีโอกาสวิ่งต่อ |7 หุ้นนำตลาดปีใหม่ $goog $fb $slb $cvx $dis $ge $nflx |big call buyers $csx $orly $cbi $syk  
2018-01-03: $pep $dis ดิสนีย์ทุ่มสุดตัวให้ 'last jedi' ประสบความสำเร็จในจีนผ่าน |rt AT_USER รายงาน: ESPN กลับมาเป็นเครือข่ายเคเบิลไพรม์ไทม์ที่ได้รับชมสูงสุด: $dis $fox $foxa |big call buyers $mdlz $h  
2018-01-04: ESPN กลับมาเป็นอันดับหนึ่งของเครือข่ายเคเบิลไพรม์ไทม์ที่ได้รับผู้ชมสูงสุด $dis |rt AT_USER #nfl ratings ลดลงเร็วกว่าเดิม! AT_USER กำลังขาย junk nfl ในออนไลน์ #takeaknee กำลังตัดหัวคนอื่น"
0257e1b2-4572-4ac8-8527-27d741f9f484,"วิเคราะห์ข้อมูลและทวีตเพื่อสรุปว่าราคาปิดของ $utx จะปรับตัวขึ้นหรือลงในวันที่ 2017-11-14 โปรดยืนยันว่า Rise หรือ Fall  
บริบท: วันที่, เปิด, สูงสุด, ต่ำสุด, ปิด, ปิดปรับ, เพิ่ม 5%, เพิ่ม 10%, เพิ่ม 15%, เพิ่ม 20%, เพิ่ม 25%, เพิ่ม 30  
2017-10-31, 0.2, 0.4, -0.2, -0.1, -0.1, -0.2, 0.0, -0.3, -0.5, -0.9, -1.5  
2017-11-01, 0.4, 0.7, -0.2, 0.3, 0.3, -0.3, -0.2, -0.4, -0.7, -1.1, -1.6  
2017-11-02, -1.1, 0.0, -1.4, 1.1, 1.1, -1.2, -1.1, -1.4, -1.7, -2.0, -2.5  
2017-11-03, 0.6, 0.6, -0.6, -0.3, -0.3, -0.5, -0.8, -0.9, -1.3, -1.5, -2.0  
2017-11-06, 0.7, 0.9, -0.0, -0.6, -0.6, 0.1, -0.3, -0.3, -0.6, -0.9, -1.3  
2017-11-07, -0.1, 0.6, -0.3, 0.3, 0.3, 0.0, -0.5, -0.5, -0.8, -1.1, -1.4  
2017-11-08, 0.2, 0.6, -0.2, -0.4, -0.4, 0.4, -0.0, -0.1, -0.3, -0.6, -1.0  
2017-11-09, 1.6, 1.7, -0.2, -1.6, -1.6, 1.5, 1.5, 1.5, 1.3, 1.0, 0.7  
2017-11-10, -0.1, 0.3, -0.1, -0.2, -0.2, 1.2, 1.6, 1.5, 1.5, 1.2, 1.0  
2017-11-13, 0.8, 0.8, -0.1, -0.9, -0.9, 1.6, 2.3, 2.2, 2.3, 2.1, 1.9  

2017-10-31: $fb, $lmt, $noc, $snap, $twtr, $utx – กองทัพสู้รบในสงครามไซเบอร์; เมื่อไหร่ที่ทวิตเตอร์ เฟซบุ๊กจะเข้าร่วม? |ธนาคารโนรินชูกิน บัญชีธนาคารยูไนเต็ด เทคโนโลยีส์ $utx ลดลง 6.03 ล้านดอลลาร์  
2017-11-01: โวลอา / เอ็นแอลยู #ai – วิเคราะห์การประชุมผู้ถือหุ้น #dow30 components $ba, $cat, $cvx, $gs, $ibm, $intc, $jpm, $mcd, $mmm, $trv | สปรูซโกรฟ อินเวสต์เมนต์ แมเนจเมนท์ จำกัด ลดการถือครอง United Technologies $utx  
2017-11-03: $djia – สัปดาห์ที่ดีที่สุด; $aapl, $intc, $ba, $mcd, $trv, $wmt, $utx,"
467c2541-c4c6-479f-8fac-ddca1554d03a,"วิเคราะห์ข้อมูลและทวีตต่างๆ เพื่อพิจารณาว่าราคาปิดของ $xom จะปรับตัวขึ้นหรือลงในวันที่ 2018-01-03 โปรดระบุว่า Rise หรือ Fall  
บริบท: วันที่, เปิด, สูงสุด, ต่ำสุด, ปิด, ปิดปรับ, เพิ่ม 5, เพิ่ม 10, เพิ่ม 15, เพิ่ม 20, เพิ่ม 25, เพิ่ม 30  
2017-12-18,0.3,0.9,-0.0,-0.1,-0.1,0.0,-0.1,-0.1,-0.7,-0.9,-0.8  
2017-12-19,0.7,0.9,-0.1,-0.6,-0.6,0.5,0.4,0.5,0.0,-0.3,-0.2  
2017-12-20,-0.3,0.3,-0.4,0.5,0.5,-0.0,-0.0,0.1,-0.4,-0.8,-0.7  
2017-12-21,-0.6,0.5,-1.1,1.2,1.2,-1.0,-1.1,-1.1,-1.4,-1.9,-1.8  
2017-12-22,-0.1,0.1,-0.4,0.1,0.1,-0.9,-1.0,-1.2,-1.4,-1.8,-1.9  
2017-12-26,-0.0,0.5,-0.1,0.0,0.0,-0.7,-0.9,-1.1,-1.2,-1.7,-1.9  
2017-12-27,0.1,0.2,-0.2,-0.1,-0.1,-0.2,-0.7,-1.0,-1.0,-1.4,-1.8  
2017-12-28,-0.0,0.0,-0.3,0.1,0.1,-0.1,-0.7,-1.0,-1.0,-1.4,-1.8  
2017-12-29,0.4,0.7,0.0,-0.5,-0.5,0.3,-0.2,-0.4,-0.5,-0.8,-1.3  
2018-01-02,-1.4,0.2,-1.6,1.7,1.7,-1.1,-1.6,-1.9,-2.1,-2.3,-2.7  

2017-12-18: rt AT_USER big call buyers  $emr $gmed $etp $chk $lvs $enz $xom $pep $ups $edu $gcap $len $ibm $aapl $lb $exxon mobil $xom receiving somewhat positive press coverage, study shows |rt AT_USER why cr  
2017-12-19: big call buyers  $rcl $csx $schw $inva $scs $zion $grub $mlco $csco $bidu $xom $axp $dri $vrx $akam $qcom $nuan $snap|rt AT_USER in case you were wondering about that mad #cbob rally in #chicago -- pr  
2017-12-20: big call buyers  $cien $bx $juno $bbby $lng $slb $gg $ypf $mgm $giii $xom $tsla $fcx $twx $tho $kmx $byd $vuzi|the unlikely ¡®dogs of the dow¡¯ picks that could howl in 2018 AT_USER  $djia $vz $ibm $x  
2017-12-21: rt AT_USER it's been a long year for buyers in energy stocks. you had to be patient. most investors have abandoned the sector. $xle¡­|$bac $aapl $mu $twx $baba $vale $wfc $ge $intc $t $fb $nke $tsla $  
2017-12-2"
f541dacc-5783-4f8e-8273-f78a1a04f5c1,"ด้วยความช่วยเหลือจากข้อมูลและทวีตที่ให้มา คุณสามารถคาดการณ์ได้หรือไม่ว่าราคาปิดของหุ้น $wmt จะขึ้นหรือลงในวันที่ 2017-12-14 โปรดระบุว่า Rise หรือ Fall

บริบท: วันที่, เปิด, สูง, ต่ำ, ปิด, ปิดปรับ, เพิ่ม 5%, เพิ่ม 10%, เพิ่ม 15%, เพิ่ม 20%, เพิ่ม 25%, เพิ่ม 30

2017-11-30, 0.9, 1.2, -0.7, -0.3, -0.3, -0.3, 0.0, -2.3, -3.7, -4.9, -5.7  
2017-12-01, 0.3, 0.4, -1.2, 0.1, 0.1, -0.3, -0.4, -1.9, -3.4, -4.7, -5.5  
2017-12-04, 0.7, 1.0, -0.3, -0.3, -0.3, 0.2, -0.1, -1.1, -2.7, -4.0, -4.8  
2017-12-05, -0.8, 0.1, -0.9, 0.8, 0.8, -0.4, -0.9, -1.5, -3.1, -4.4, -5.3  
2017-12-06, 0.7, 0.9, -0.0, -0.6, -0.6, 0.1, -0.2, -0.5, -2.1, -3.4, -4.4  
2017-12-07, 0.3, 0.8, -0.1, -0.5, 0.0, 0.1, -0.1, -0.0, -1.7, -3.0, -4.1  
2017-12-08, -0.3, 0.2, -0.4, -0.2, -0.2, 0.2, 0.1, 0.0, -1.1, -2.5, -3.6  
2017-12-11, 0.0, 0.4, -0.7, 0.4, 0.4, -0.1, -0.2, -0.4, -1.2, -2.5, -3.7  
2017-12-12, 0.2, 0.6, -0.1, -0.2, -0.2, 0.0, 0.1, -0.1, -0.6, -1.9, -3.1  
2017-12-13, -1.1, 0.2, -1.2, 1.1, 1.1, -0.8, -0.9, -1.1, -1.4, -2.6, -3.8  

2017-11-30: rt AT_USER wal-mart removes t-shirt that says ""rope. tree. journalist. some assembly required"" from its website, saying it ""clearly v¡­|keycorp comments on wal-mart stores, inc.¡¯s fy2018 earnings $wm  
2017-12-01: rt AT_USER death of a stockboy? walmart introduces shelf-scanning #robots $wmt  #jobs|walmart¡¯s latest scam: higher prices online than in stores $wmt  #internet|rt AT_USER death of a stockboy? walmar  
2017-12-02: wal-mart stores, inc. $wmt insider jeffrey j. gearhart sells 10,090 shares |jeffrey j. gearhart sells 10,090 shares of wal-mart stores, inc. $wmt stock |jeffrey j. gearhart sells 10,090 shares of wal-  
2017-12-03: rt AT_USER there¡¯s"
794c0de8-809e-46b2-a39a-e2746504de92,"จากข้อมูลและทวีตที่ให้มา คุณจะคาดการณ์ได้หรือไม่ว่าราคาปิดของ $mrk จะขึ้นหรือลงในวันที่ 2017-12-14 โปรดระบุว่าขึ้นหรือลง  
บริบท: วันที่, เปิด, สูง, ต่ำ, ปิด, ปิดปรับ, เพิ่ม 5%, เพิ่ม 10%, เพิ่ม 15%, เพิ่ม 20%, เพิ่ม 25%, เพิ่ม 30  
2017-11-30, -0.1, 1.1, -0.4, -0.2, -0.2, -0.7, -0.9, -0.6, -0.2, 0.5, 2.9  
2017-12-01, -0.8, 0.2, -1.2, 1.1, 1.1, -1.2, -1.9, -1.7, -1.2, -1.0, 1.3  
2017-12-04, -0.5, 0.9, -0.6, 0.6, 0.6, -1.2, -2.3, -2.2, -1.8, -1.8, 0.2  
2017-12-05, 0.7, 1.3, -0.1, -0.8, -0.8, -0.1, -1.2, -1.4, -1.0, -0.9, 0.6  
2017-12-06, 0.2, 2.9, -0.3, -2.5, -2.5, 2.1, 1.4, 1.1, 1.5, 1.7, 2.6  
2017-12-07, 0.1, 2.0, -0.2, 0.8, 0.8, 1.1, 0.7, 0.4, 0.5, 0.8, 1.4  
2017-12-08, -0.5, 0.0, -1.6, 1.5, 1.5, -0.4, -0.5, -1.0, -1.0, -0.6, -0.5  
2017-12-11, 0.0, 0.5, -1.4, 1.4, 1.4, -1.7, -1.6, -2.2, -2.3, -1.9, -1.9  
2017-12-12, -0.4, 0.2, -0.8, 1.3, 1.3, -2.5, -2.5, -3.2, -3.3, -3.1, -3.0  
2017-12-13, 0.1, 0.8, -0.5, -0.3, -0.3, -1.4, -1.9, -2.6, -2.9, -2.8, -2.7  

2017-11-30: หากทวีตด้านล่างไม่ได้ทำให้ตลาดสงบลงเหมือนที่ผมรู้สึก ก็ไม่แน่ใจว่าจะพูดอะไรได้มากกว่านี้อีก! มีปัญหาใหญ่ |rt AT_USER กำลังดูการประชุม 'pharma all stars' ที่ #forbeshealth ซึ่งบางช่วงก็ตึงเครียด  
2017-12-01: rt AT_USER $ions เราได้ทำการศึกษาระยะที่ 1 เสร็จสิ้นแล้ว โดยประเมิน ionis-fb-lrx ในอาสาสมัครที่มีสุขภาพดี ขณะนี้กำลังเตรียมเข้าสู่ขั้นตอนถัดไป |rt AT_USER ทุกสัปดาห์จะมีการแจ้งเตือนทั้งหมด ปิดวันนี้เพื่อพักฟื้นจากงานประชุม fat prof  
2017-12-02: โจ ปาปา ถูกเรียกตัวเข้ามาเพื่อพลิกสถานการณ์ของหุ้น Valeant อย่างรวดเร็วและสำเร็จล้มเหลว แต่ตอนนี้อาจมีการรับผิดชอบ |rt AT_USER $jnj ดูเหมือนจะพยายามแอบนำ pd1 + Darzalex เข้าไปใน r/r mm wit  
2017-12-03"
a879b47b-2182-431e-8299-24f4e32dfff1,"พิจารณาจากข้อมูลและทวีตที่ให้มา เพื่อคาดการณ์ว่าราคาปิดของ $mmm ในวันที่ 2017-11-02 จะ Rise หรือ Fall โปรดตอบด้วยคำว่า Rise หรือ Fall

บริบท: วันที่, เปิด, สูง, ต่ำ, ปิด, ปิดปรับ, เพิ่ม-5%, เพิ่ม-10%, เพิ่ม-15%, เพิ่ม-20%, เพิ่ม-25%, เพิ่ม-30
2017-10-19, -0.3, 0.0, -0.8, 0.4, 0.4, -0.4, -0.8, -1.3, -2.0, -2.2, -2.6
2017-10-20, -0.6, 0.0, -1.0, 0.9, 0.9, -1.0, -1.5, -1.9, -2.7, -3.0, -3.3
2017-10-23, 0.1, 0.6, -0.2, 0.1, 0.1, -0.9, -1.4, -1.7, -2.5, -3.0, -3.2
2017-10-24, -2.4, 1.8, -2.4, 5.9, 5.9, -5.0, -6.1, -6.6, -7.5, -8.0, -8.3
2017-10-25, -1.1, 0.1, -1.6, 1.3, 1.3, -4.5, -6.4, -7.2, -8.1, -8.7, -9.0
2017-10-26, 2.3, 2.5, -0.3, -2.0, -2.0, -1.4, -3.8, -4.9, -5.7, -6.5, -6.9
2017-10-27, -0.2, 0.1, -0.9, 0.8, 0.8, -1.0, -3.9, -5.1, -5.9, -6.8, -7.3
2017-10-30, 1.1, 1.1, -0.2, -1.6, -1.6, 1.4, -1.8, -3.1, -4.0, -4.9, -5.6
2017-10-31, 0.5, 0.6, -0.2, -0.4, -0.4, 1.4, -0.9, -2.4, -3.3, -4.3, -5.0
2017-11-01, 0.4, 0.7, -0.5, -0.0, -0.0, 0.7, -0.4, -2.0, -3.0, -3.9, -4.7

2017-10-19: rt AT_USER เสร็จสิ้นรายงานการประเมินหุ้น #stocks ของ $mmm ฟรี - ช่วย #traders และ #investors ให้ได้เปรียบ >ดาวน์โหลด> |เสร็จสิ้นรายงานการประเมินหุ้น #stocks ของ $mmm ฟรี - ช่วย #traders
2017-10-20: mmm +2.08 เพิ่มขึ้นรวมวันนี้ 10/20/17 บริษัท 3m $mmm หุ้น 221.32 ทำสูงสุดที่ 221.32 และต่ำสุดที่ 219.19 พร้อม |สามข้อสรุปจากฤดูกาลการประกาศผลประกอบการ Q3 $f $gm $ko $mcd $slb $msft $hal $googl $intc
2017-10-21: rt AT_USER #saturdaymotivation #saturdayafternoonshow ดู vista partners #investingforlife $aapl $ba $mmm |rt AT_USER #saturdaymotivation #saturdayafternoonshow ดู vista partners #investingforlife
2017-10-22: ความวุ่นวายของการประกาศผล"
25e9fbfe-74ed-4799-b31b-c8bce774f7e0,"พิจารณาข้อมูลและทวีตต่างๆ เพื่อคาดเดาว่าราคาปิดของ $ge จะพุ่งขึ้นหรือลดลงในวันที่ 13 ธันวาคม 2017 โปรดระบุว่า Rise หรือ Fall

บริบท: วันที่, เปิด, สูง, ต่ำ, ปิด, ปิดปรับ, เพิ่ม 5%, เพิ่ม 10%, เพิ่ม 15%, เพิ่ม 20%, เพิ่ม 25%, เพิ่ม 30  
2017-11-29, -0.2, 0.3, -0.9, 0.4, 0.4, -1.1, -1.6, 0.8, 2.8, 4.8, 8.0  
2017-11-30, 1.5, 1.6, -0.6, -1.0, -1.0, 0.0, -0.6, 1.2, 3.3, 5.1, 8.2  
2017-12-01, 2.3, 2.3, -0.1, -2.3, -2.3, 2.0, 1.5, 2.7, 5.2, 6.8, 9.7  
2017-12-04, 0.3, 0.6, -0.4, 0.4, 0.4, 1.4, 1.0, 1.4, 4.1, 5.7, 8.1  
2017-12-05, 0.1, 1.4, -0.5, -1.0, -1.0, 1.7, 1.9, 2.0, 4.6, 6.3, 8.4  
2017-12-06, -0.3, 1.0, -0.4, -0.6, 0.1, 0.8, 1.8, 1.8, 3.8, 5.6, 7.5  
2017-12-07, 0.5, 2.0, -0.5, 0.3, 0.3, 0.0, 1.3, 1.3, 2.8, 4.8, 6.5  
2017-12-08, 0.1, 0.6, -0.3, 0.0, 0.0, -0.0, 1.1, 1.2, 2.2, 4.3, 5.9  
2017-12-11, -0.2, 0.8, -0.6, -0.4, -0.4, 0.1, 1.3, 1.4, 1.8, 4.2, 5.7  
2017-12-12, 0.2, 0.8, -1.5, 1.5, 1.5, -1.0, -0.4, -0.1, 0.1, 2.2, 3.7  

2017-11-30: หากทวีตด้านล่างไม่ได้ทำให้ตลาดสงบลงเหมือนที่ผมรู้สึก ก็ไม่แน่ใจว่าจะพูดอะไรได้มากกว่านี้อีก! มีปัญหาใหญ่ |AT_USER $chk $cg $t $csco $ge $xlf ผมถูกจัดอยู่ในกลุ่ม #diversified หรือไม่? |ผมกำลังล้มเหลวในการระดมทุน  
2017-12-01: ช่างมันเถอะ $ge ตอนนี้หุ้นอื่นให้เลือกเยอะเกินไป |$ge General Electric หลัง #lays off #workers ที่ #power business ใน #new york #stock แสดงการลดลงเล็กน้อย -0.2 |halbert hargrove russell l  
2017-12-02: รีทวีต AT_USER |หนึ่งในความรับผิดชอบหลักของซีอีโอคือการตัดสินใจว่าจะนำเงินไปลงทุนที่ไหน หลังจากที่ immelt เข้ามาแทนที่ welch GE มักจะเปิดบัญชีกับ AT_USER แล้วซื้อหุ้นอย่าง $sq, $ostk  
2017-12-03: เป็น #trader ที่ active"
417df0cd-10ee-4faa-abb3-9fa87e8b20db,"วิเคราะห์ข้อมูลและทวีตต่างๆ เพื่อพิจารณาว่าราคาปิดของ $gs จะปรับตัวขึ้นหรือลงในวันที่ 2017-11-08 โปรดระบุว่าขึ้นหรือลง  
บริบท: วันที่, เปิด, สูง, ต่ำ, ปิด, ปิดปรับ, เพิ่ม 5%, เพิ่ม 10%, เพิ่ม 15%, เพิ่ม 20%, เพิ่ม 25%, เพิ่ม 30  
2017-10-25,1.8,2.0,-0.4,-1.3,-1.3,0.4,-0.2,0.2,-0.1,-1.0,-1.8  
2017-10-26,0.4,0.9,-0.1,0.0,0.0,0.5,-0.1,0.1,-0.0,-0.8,-1.6  
2017-10-27,-0.4,0.3,-0.8,-0.0,-0.0,0.3,0.0,-0.1,0.1,-0.6,-1.3  
2017-10-30,-0.3,0.7,-0.6,-0.3,-0.3,0.5,0.3,0.2,0.4,-0.1,-0.8  
2017-10-31,-0.7,0.7,-0.8,0.7,0.7,-0.3,-0.1,-0.4,-0.2,-0.5,-1.3  
2017-11-01,-0.2,1.3,-0.6,0.7,0.7,-0.8,-0.7,-1.1,-0.9,-1.1,-1.8  
2017-11-02,-0.9,0.3,-1.4,1.1,1.1,-1.5,-1.5,-2.0,-1.9,-2.0,-2.6  
2017-11-03,0.4,0.8,-0.5,-1.0,-1.0,-0.3,-0.5,-0.8,-0.9,-0.9,-1.5  
2017-11-06,0.0,0.4,-0.7,-0.4,-0.4,0.3,-0.1,-0.4,-0.5,-0.4,-0.9  
2017-11-07,1.7,2.2,-0.4,-1.5,-1.5,1.7,1.2,1.2,0.9,1.0,0.7  

2017-10-25: rt AT_USER podcast: $gs' jose manuel barroso on building a more inclusive global economy: |if you are not making money in this market &amp; want consistency, try our team |$sq $nflx $amzn $amd $tsl  
2017-10-26: rt AT_USER .AT_USER says david solomon is one of his dream #podcast guests. listen to the $gs president¡¯s latest podcast: |rt AT_USER register: explore latest trends in financial technology - $gs dis  
2017-10-27: wells fargo $wfc remains a choppy mess. far better alternatives: $bac $jpm $ms $c , even $gs AT_USER |rt AT_USER podcast: $gs' paul russo on active and passive investing and the rise of quants: |rt  
2017-10-28: if you are not making money in this market &amp; want consistency, try our team |$sq $nflx $amzn $amd $tsla $aapl $gs AT_USER i'm rolling my eyes at cohodes shilling $ostk but i think you know he go  
2017-10-29: rt AT_USER podcast: $gs' co-CEO in Germany talks Brexit, trade, auto sector and more: |if you are not making money in this market &amp; want consistency, try our team |$sq $nflx $amzn $amd $tsla $a  
2017-10-30: rt AT_USER podcast"
468934ee-b596-4e39-b990-b16e4171fedc,"จากข้อมูลและทวีตที่ให้มา คุณจะคาดการณ์ได้หรือไม่ว่าราคาปิดของหุ้น $amzn ในวันที่ 2018-01-11 จะขึ้นหรือลง โปรดระบุว่า Rise หรือ Fall

บริบท: วันที่, เปิด, สูง, ต่ำ, ปิด, ปิดปรับ, เพิ่ม 5%, เพิ่ม 10%, เพิ่ม 15%, เพิ่ม 20%, เพิ่ม 25%, เพิ่ม 30  
2017-12-27, -0.2, 0.4, -0.6, 0.5, 0.5, -0.5, -0.4, -0.8, -1.2, -1.1, -1.6  
2017-12-28, 0.2, 0.3, -0.1, 0.3, 0.3, -0.7, -0.5, -1.0, -1.4, -1.3, -1.8  
2017-12-29, 1.1, 1.2, -0.2, -1.4, -1.4, 0.6, 0.8, 0.5, -0.1, 0.2, -0.3  
2018-01-02, -1.4, 0.1, -1.6, 1.7, 1.7, -0.7, -0.7, -1.0, -1.6, -1.5, -1.8  
2018-01-03, -1.3, 0.1, -1.3, 1.3, 1.3, -1.5, -1.9, -2.1, -2.5, -2.7, -2.8  
2018-01-04, -0.4, 0.5, -0.4, 0.4, 0.4, -1.5, -2.1, -2.3, -2.7, -3.0, -3.0  
2018-01-05, -0.9, 0.0, -1.6, 1.6, 1.6, -2.3, -3.3, -3.5, -3.9, -4.4, -4.3  
2018-01-08, -0.9, 0.5, -1.2, 1.4, 1.4, -2.5, -4.1, -4.4, -4.9, -5.5, -5.4  
2018-01-09, 0.3, 0.5, -0.9, 0.5, 0.5, -1.9, -3.8, -4.5, -5.0, -5.7, -5.7  
2018-01-10, -0.7, 0.0, -1.4, 0.1, 0.1, -1.3, -3.3, -4.3, -4.8, -5.4, -5.7  

2017-12-27: rt AT_USER มีการอัปเดตอะไรบ้างหลังจากช่วงวันหยุด $amzn $ups |rt AT_USER AT_USER $amzn ยังคงถือครองอยู่ |rt AT_USER เปอร์เซ็นต์ปริมาณขายสั้นของ $gluu เมื่อวันที่ 2017-12-26 อยู่ที่ 36% | $amzn 40% | $aapl 60% | $atvi 29% | $ea 42% | มีการอัปเดตอะไรอีกไหม  
2017-12-28: rt AT_USER การคาดการณ์: AT_USER คาดว่า Amazon $amzn จะถูกแยกออกไปประมาณปี 2020 (วิดีโอ) #amazon #who  
2017-12-29: rt AT_USER ทำไมเศรษฐกิจ #crypto ถึงเติบโตเร็วขนาดนี้? เร็วกว่า $aapl $spy $amzn แบบดั้งเดิมหรือ? เรากำลังพูดถึงการลงทุนใหม่ๆ |rt AT_USER Alibaba จะแซงหน้า Amazon"
2699eaff-d51f-4ccc-8a15-8615d54f7a48,"ด้วยความช่วยเหลือจากข้อมูลและทวีตที่ให้มา คุณจะสามารถคาดการณ์ได้หรือไม่ว่าราคาปิดของหุ้น $cvx จะปรับตัวขึ้นหรือลงในวันที่ 18 มกราคม 2018 โปรดระบุว่า Rise หรือ Fall

บริบท: วันที่, เปิด, สูงสุด, ต่ำสุด, ปิด, ปิดปรับ, เพิ่ม 5%, เพิ่ม 10%, เพิ่ม 15%, เพิ่ม 20%, เพิ่ม 25%, เพิ่ม 30

2018-01-03, -0.8, 0.3, -1.3, 0.7, 0.7, -1.6, -2.8, -4.2, -4.8, -5.4, -6.1  
2018-01-04, -0.1, 0.2, -0.7, -0.3, -0.3, -0.9, -1.9, -3.4, -4.2, -4.7, -5.5  
2018-01-05, 0.1, 0.2, -0.6, -0.2, -0.2, -0.3, -1.2, -2.8, -3.7, -4.2, -5.0  
2018-01-08, -0.5, 0.1, -0.7, 0.5, 0.5, -0.3, -1.4, -2.9, -3.8, -4.4, -5.2  
2018-01-09, 0.5, 0.9, -0.0, -0.5, -0.5, 0.3, -0.6, -1.9, -3.0, -3.6, -4.3  
2018-01-10, -0.3, 0.1, -0.7, 0.6, 0.6, -0.4, -1.0, -2.1, -3.3, -4.0, -4.6  
2018-01-11, -2.8, 0.6, -2.9, 3.0, 3.0, -2.6, -3.4, -4.3, -5.7, -6.4, -7.0  
2018-01-12, -1.1, 0.2, -1.1, 0.8, 0.8, -2.5, -3.6, -4.4, -5.9, -6.7, -7.3  
2018-01-16, 1.3, 1.4, -0.3, -1.2, -1.2, -0.8, -1.9, -2.9, -4.3, -5.2, -5.9  
2018-01-17, -0.1, 0.3, -1.1, 0.3, 0.3, -0.4, -1.8, -2.8, -4.0, -5.1, -5.8  

2018-01-03: rt AT_USER $study simply great gains coming out of my site within a small section of picks $cvx  $nflx super winners and now $baba c¡­|rt AT_USER while the stockbookie = the stockclown cries that the  
2018-01-04: #chevron $cvx bofa/merrill lowered their rating from buy to neutral #wallstreet #investing #advisor #financial... |#chevron $cvx bofa/merrill lowered their rating from buy to neutral #wallstreet #inve  
2018-01-05: AT_USER not really   2017 rebound was mostly oil recovery $xom $cvx |traders buy shares of chevron $cvx on weakness |rt AT_USER $study simply great gains coming out of my site within a small section o  
2018-01-06: the short sell volume percent for $trgp on 2018-01-05 is 59%.  $bwp"
